record_id,hospital,department,date,total_beds,occupied_beds,icu_beds_total,icu_beds_occupied,surgeries_scheduled,surgeries_completed,doctor_attendance_pct,nurse_attendance_pct,avg_patient_wait_mins,readmission_count
RES-0001,Sunrise Main Campus,Pharmacy,2024-12-09,98,98,27,21,7,13,78.4,88.2,11,2
RES-0002,Sunrise North,Lab,2023-01-22,82,8,14,4,6,14,70.0,76.1,78,8
RES-0003,Sunrise East,Orthopaedics,2024-10-23,60,34,13,26,12,2,75.2,96.4,76,5
RES-0004,Sunrise Main Campus,Emergency,2023-08-05,105,88,10,14,14,5,77.9,84.9,67,3
RES-0005,Sunrise Main Campus,Lab,2024-12-24,49,14,24,13,15,9,75.2,84.9,35,5
RES-0006,Sunrise Main Campus,Orthopaedics,2024-02-10,29,39,19,24,1,5,89.6,76.9,71,4
RES-0007,Sunrise East,Emergency,2023-02-04,84,25,14,15,5,5,94.9,75.4,112,1
RES-0008,Sunrise South,IPD,2024-04-22,37,51,20,12,0,4,80.2,81.4,89,1
RES-0009,Sunrise Main Campus,OPD,2023-08-04,12,76,10,23,11,12,80.0,92.8,27,0
RES-0010,Sunrise East,OPD,2024-11-16,71,6,19,11,3,9,99.5,87.4,112,1
RES-0011,Sunrise Main Campus,Emergency,2023-09-23,37,48,16,17,0,2,76.7,88.7,82,1
RES-0012,Sunrise South,Emergency,2023-04-24,62,31,27,21,9,3,83.3,96.9,73,4
RES-0013,Sunrise North,OPD,2023-03-20,35,37,22,15,12,0,99.6,80.0,138,6
RES-0014,Sunrise Main Campus,Orthopaedics,2024-02-14,52,97,11,7,5,3,81.8,85.0,57,4
RES-0015,Sunrise Main Campus,OPD,2024-01-14,117,87,22,10,10,10,82.0,99.9,36,3
RES-0016,Sunrise South,Pharmacy,2024-08-10,111,6,18,16,9,11,78.2,93.0,101,5
RES-0017,Sunrise South,Surgery,2024-11-14,57,27,5,14,5,3,80.0,89.5,103,3
RES-0018,Sunrise East,Radiology,2024-02-10,114,7,14,13,8,11,99.5,91.6,102,6
RES-0019,Sunrise North,Surgery,2024-10-13,113,78,6,10,2,3,89.0,96.3,13,4
RES-0020,Sunrise East,Surgery,2024-07-31,35,59,24,21,4,1,70.0,92.9,94,6
RES-0021,Sunrise East,Pharmacy,2024-06-29,109,89,7,4,5,1,70.4,83.1,32,5
RES-0022,Sunrise North,Radiology,2024-11-06,111,80,7,18,3,11,85.3,88.8,106,0
RES-0023,Sunrise North,Radiology,2024-12-07,45,91,10,8,10,13,90.6,81.3,60,7
RES-0024,Sunrise South,Radiology,2023-06-13,55,42,27,20,9,9,99.1,86.1,135,4
RES-0025,Sunrise Main Campus,Surgery,2024-01-12,66,38,27,28,4,9,72.8,80.8,75,5
RES-0026,Sunrise North,IPD,2024-12-21,40,29,5,8,11,8,99.7,85.9,98,8
RES-0027,Sunrise North,Pharmacy,2024-03-04,70,91,17,13,6,12,71.5,99.3,72,6
RES-0028,Sunrise South,Surgery,2023-07-29,84,25,5,14,15,9,88.5,83.3,96,1
RES-0029,Sunrise North,OPD,2023-09-30,41,65,24,5,1,6,83.2,96.6,138,2
RES-0030,Sunrise North,Cardiology,2023-07-21,80,51,28,8,6,1,77.3,83.9,106,2
RES-0031,Sunrise Main Campus,Lab,2023-09-29,25,107,13,7,5,6,99.8,94.8,121,2
RES-0032,Sunrise South,Orthopaedics,2023-09-21,67,24,18,24,15,13,78.9,81.7,34,6
RES-0033,Sunrise South,Cardiology,2024-11-26,27,14,10,2,6,8,96.3,82.4,125,6
RES-0034,Sunrise Main Campus,Orthopaedics,2024-11-22,17,57,23,28,4,11,92.4,80.4,40,6
RES-0035,Sunrise South,Orthopaedics,2024-10-11,43,84,27,19,0,8,82.4,78.1,66,4
RES-0036,Sunrise North,Radiology,2024-09-03,36,69,25,26,14,14,77.3,85.7,113,3
RES-0037,Sunrise Main Campus,OPD,2024-04-14,54,38,22,7,6,10,89.3,88.3,112,5
RES-0038,Sunrise South,Cardiology,2024-07-31,78,68,19,20,9,10,98.9,95.6,119,2
RES-0039,Sunrise North,Cardiology,2024-07-11,94,101,21,10,4,2,80.6,84.6,97,3
RES-0040,Sunrise Main Campus,Pharmacy,2023-03-09,86,33,6,25,11,0,78.5,77.5,103,1
RES-0041,Sunrise North,Orthopaedics,2023-04-17,52,18,7,7,15,4,83.5,92.6,121,4
RES-0042,Sunrise Main Campus,Radiology,2024-12-24,94,79,4,7,2,9,84.0,86.2,148,2
RES-0043,Sunrise East,Pharmacy,2024-09-29,107,29,4,11,2,14,79.6,93.7,10,3
RES-0044,Sunrise Main Campus,Cardiology,2023-06-27,35,73,10,15,6,9,96.7,77.4,84,3
RES-0045,Sunrise North,Radiology,2024-09-15,32,89,16,14,3,10,71.8,96.5,60,3
RES-0046,Sunrise South,Cardiology,2024-12-14,88,31,17,4,7,6,74.0,90.5,23,8
RES-0047,Sunrise East,Radiology,2024-08-13,90,74,27,10,14,13,85.4,98.1,119,8
RES-0048,Sunrise South,Surgery,2023-03-15,56,107,10,26,2,6,73.8,78.2,149,8
RES-0049,Sunrise South,IPD,2024-03-02,53,10,29,16,8,2,96.3,84.0,29,1
RES-0050,Sunrise Main Campus,IPD,2023-04-03,99,11,22,15,1,11,99.3,98.3,65,1
RES-0051,Sunrise Main Campus,Cardiology,2024-08-07,36,30,7,13,11,0,80.7,75.3,146,7
RES-0052,Sunrise North,OPD,2024-11-21,43,41,28,22,6,5,98.8,80.6,149,3
RES-0053,Sunrise Main Campus,Lab,2023-04-22,33,10,21,26,12,9,88.9,87.3,69,6
RES-0054,Sunrise Main Campus,OPD,2024-09-10,42,62,23,10,5,10,98.6,81.8,117,0
RES-0055,Sunrise South,Pharmacy,2024-10-06,18,17,28,14,8,3,81.3,88.6,48,2
RES-0056,Sunrise South,Radiology,2023-04-09,96,106,14,23,7,8,72.4,96.6,143,7
RES-0057,Sunrise East,Orthopaedics,2023-10-05,20,80,8,26,7,4,87.3,98.7,59,0
RES-0058,Sunrise South,Orthopaedics,2023-03-25,32,91,25,12,9,5,77.6,96.6,35,3
RES-0059,Sunrise South,Surgery,2023-08-31,34,28,12,18,0,0,73.1,88.5,60,3
RES-0060,Sunrise Main Campus,Cardiology,2023-04-27,110,82,20,18,11,13,99.4,91.5,143,2
RES-0061,Sunrise South,Surgery,2024-03-18,55,75,11,16,15,2,88.7,75.2,70,2
RES-0062,Sunrise South,Radiology,2024-12-26,112,32,23,3,13,5,74.9,87.6,98,4
RES-0063,Sunrise Main Campus,Surgery,2024-02-08,116,15,10,5,9,1,82.3,75.6,130,6
RES-0064,Sunrise South,Lab,2023-07-23,69,91,12,23,10,8,70.3,80.4,136,0
RES-0065,Sunrise South,OPD,2024-02-06,92,73,27,11,6,10,75.4,88.5,118,4
RES-0066,Sunrise South,Lab,2024-06-14,70,38,6,9,0,10,89.4,93.4,55,0
RES-0067,Sunrise South,Lab,2023-02-10,33,48,13,17,3,1,86.3,83.9,15,2
RES-0068,Sunrise North,IPD,2024-09-22,86,35,18,15,13,0,94.8,82.9,104,0
RES-0069,Sunrise East,Pharmacy,2024-07-13,32,18,23,2,14,2,76.4,99.0,106,1
RES-0070,Sunrise North,Surgery,2023-12-17,30,82,8,21,3,13,84.5,91.0,27,3
RES-0071,Sunrise North,Cardiology,2023-08-22,39,12,30,27,6,12,84.0,100.0,56,0
RES-0072,Sunrise South,Cardiology,2023-08-04,88,16,5,10,9,0,90.9,89.9,27,4
RES-0073,Sunrise Main Campus,Cardiology,2023-07-18,45,62,5,9,15,2,71.3,83.8,24,2
RES-0074,Sunrise South,IPD,2023-07-03,99,108,26,10,11,4,83.6,87.5,28,5
RES-0075,Sunrise East,Orthopaedics,2024-05-23,21,27,26,25,13,3,73.3,78.2,57,4
RES-0076,Sunrise North,Orthopaedics,2024-01-24,51,101,27,16,11,9,77.4,99.1,119,3
RES-0077,Sunrise East,Surgery,2024-09-11,72,41,16,23,9,0,89.3,93.2,108,2
RES-0078,Sunrise Main Campus,Cardiology,2023-04-08,94,51,23,9,5,10,90.1,84.6,10,2
RES-0079,Sunrise Main Campus,Pharmacy,2024-01-28,54,19,10,7,0,14,75.6,87.0,38,1
RES-0080,Sunrise East,Radiology,2023-07-13,38,27,24,24,15,7,97.4,82.9,105,3
RES-0081,Sunrise Main Campus,OPD,2023-02-02,84,43,30,28,8,9,82.4,77.0,120,7
RES-0082,Sunrise East,Pharmacy,2023-11-02,25,70,5,26,6,4,85.2,96.8,36,7
RES-0083,Sunrise East,IPD,2023-06-19,57,66,25,20,3,8,74.8,99.5,71,6
RES-0084,Sunrise Main Campus,Radiology,2024-01-03,43,37,28,6,6,14,87.1,82.4,131,1
RES-0085,Sunrise Main Campus,Radiology,2023-01-05,76,66,28,6,10,3,98.1,97.7,40,5
RES-0086,Sunrise North,OPD,2024-08-11,45,12,14,8,1,13,93.7,76.7,57,7
RES-0087,Sunrise South,Surgery,2023-11-12,62,24,17,18,15,10,85.4,83.2,118,7
RES-0088,Sunrise North,Pharmacy,2024-09-05,45,106,12,22,3,3,84.4,75.0,150,4
RES-0089,Sunrise East,Cardiology,2023-03-20,67,50,4,23,7,1,96.0,95.1,81,1
RES-0090,Sunrise Main Campus,Orthopaedics,2024-09-24,41,70,10,6,12,3,70.4,98.6,28,0
RES-0091,Sunrise East,Pharmacy,2023-11-27,19,92,15,13,7,11,87.5,85.8,21,4
RES-0092,Sunrise South,Cardiology,2023-08-01,50,95,28,2,15,0,74.6,88.9,118,3
RES-0093,Sunrise North,Emergency,2024-06-25,43,106,6,18,9,0,77.2,94.7,74,1
RES-0094,Sunrise Main Campus,Radiology,2024-08-25,24,55,24,14,1,9,79.3,93.2,86,2
RES-0095,Sunrise East,Emergency,2024-05-05,55,100,26,13,13,3,93.4,98.1,146,7
RES-0096,Sunrise South,Orthopaedics,2024-12-05,52,74,4,16,4,14,95.9,96.6,138,5
RES-0097,Sunrise Main Campus,Emergency,2024-11-20,58,9,30,17,8,4,85.9,94.8,132,7
RES-0098,Sunrise North,Lab,2023-04-08,100,52,5,11,11,1,98.1,75.1,134,1
RES-0099,Sunrise East,Radiology,2023-04-12,116,38,28,11,6,6,82.5,79.5,39,5
RES-0100,Sunrise East,Radiology,2024-07-02,119,85,30,5,5,9,71.3,82.9,142,7
RES-0101,Sunrise North,Cardiology,2023-05-24,106,35,18,9,0,14,70.6,81.0,75,0
RES-0102,Sunrise Main Campus,IPD,2024-07-22,55,63,9,23,11,6,86.6,85.1,43,7
RES-0103,Sunrise South,IPD,2024-12-16,90,54,29,6,9,9,79.6,96.3,25,1
RES-0104,Sunrise North,Radiology,2024-04-03,10,97,13,24,1,13,99.5,78.3,89,8
RES-0105,Sunrise North,IPD,2024-06-22,120,87,8,16,2,11,71.2,86.1,38,5
RES-0106,Sunrise North,Radiology,2024-08-28,90,84,26,16,13,13,99.1,89.6,65,3
RES-0107,Sunrise South,Radiology,2024-10-04,39,78,22,19,2,9,90.4,97.7,54,5
RES-0108,Sunrise East,Radiology,2024-06-21,47,12,4,6,4,1,98.5,84.1,103,1
RES-0109,Sunrise North,Surgery,2024-03-27,12,24,11,27,9,12,95.3,84.7,45,8
RES-0110,Sunrise North,Pharmacy,2024-11-01,25,19,5,27,6,5,74.2,87.7,126,8
RES-0111,Sunrise South,Surgery,2023-02-20,95,58,8,24,2,5,98.0,82.0,133,3
RES-0112,Sunrise Main Campus,Emergency,2024-02-27,98,43,24,10,5,12,83.4,79.2,50,1
RES-0113,Sunrise North,Radiology,2023-11-04,55,56,11,2,12,13,93.1,79.0,14,7
RES-0114,Sunrise North,Pharmacy,2024-09-03,76,104,8,27,4,2,87.0,86.5,135,1
RES-0115,Sunrise East,IPD,2023-05-15,11,72,21,3,10,6,80.3,93.8,120,2
RES-0116,Sunrise Main Campus,Pharmacy,2024-03-23,30,16,17,18,13,6,81.5,96.1,94,5
RES-0117,Sunrise East,Lab,2024-12-01,86,18,17,4,15,0,71.0,94.6,36,6
RES-0118,Sunrise Main Campus,Orthopaedics,2023-09-07,118,29,22,4,6,1,90.7,78.4,20,2
RES-0119,Sunrise East,OPD,2024-07-19,117,104,22,9,10,4,75.4,85.4,59,5
RES-0120,Sunrise South,OPD,2024-03-31,76,84,25,26,3,3,82.9,83.9,85,6
RES-0121,Sunrise South,Pharmacy,2024-12-20,107,90,9,24,4,14,90.3,93.8,125,3
RES-0122,Sunrise South,Orthopaedics,2023-05-03,85,88,16,10,9,0,94.3,94.7,72,4
RES-0123,Sunrise Main Campus,Lab,2024-06-13,10,5,13,20,13,1,96.6,81.0,84,5
RES-0124,Sunrise East,Radiology,2023-08-09,56,44,13,18,2,13,92.4,97.9,144,3
RES-0125,Sunrise South,IPD,2023-07-23,81,13,17,8,0,4,80.3,75.6,100,1
RES-0126,Sunrise Main Campus,IPD,2024-02-27,70,92,5,23,15,4,70.3,82.3,55,1
RES-0127,Sunrise Main Campus,Emergency,2023-11-10,12,32,8,28,13,8,85.7,81.4,122,2
RES-0128,Sunrise Main Campus,Pharmacy,2023-12-23,10,88,10,13,3,1,76.8,83.9,25,1
RES-0129,Sunrise North,Orthopaedics,2024-06-01,60,94,17,27,8,8,82.9,99.8,47,4
RES-0130,Sunrise South,Pharmacy,2023-08-28,118,41,22,10,11,11,75.1,99.8,105,5
RES-0131,Sunrise North,Surgery,2024-08-19,110,69,28,6,5,3,77.1,91.5,38,4
RES-0132,Sunrise East,OPD,2024-06-11,75,35,6,9,12,13,84.5,81.0,89,7
RES-0133,Sunrise North,Cardiology,2023-12-01,37,108,12,9,1,4,87.5,97.3,93,7
RES-0134,Sunrise Main Campus,IPD,2024-05-05,97,74,16,9,13,8,81.1,88.2,64,3
RES-0135,Sunrise Main Campus,Cardiology,2024-05-31,114,77,23,11,2,8,75.1,78.0,18,1
RES-0136,Sunrise East,Cardiology,2024-11-14,72,55,21,27,12,2,85.3,84.1,47,6
RES-0137,Sunrise East,Lab,2024-08-19,25,13,18,3,15,0,84.3,84.6,24,7
RES-0138,Sunrise North,IPD,2024-01-22,49,93,18,20,7,7,75.5,79.6,37,5
RES-0139,Sunrise South,IPD,2023-08-08,23,28,28,17,6,14,76.9,79.2,121,3
RES-0140,Sunrise South,Pharmacy,2023-06-17,78,63,21,19,7,11,98.3,99.5,137,5
RES-0141,Sunrise North,Orthopaedics,2024-06-26,37,77,13,15,11,14,86.2,95.0,55,3
RES-0142,Sunrise North,Lab,2023-02-07,27,23,4,16,13,8,81.1,79.6,117,7
RES-0143,Sunrise South,OPD,2024-04-23,36,18,21,27,0,7,93.8,93.4,101,7
RES-0144,Sunrise Main Campus,Cardiology,2023-05-21,120,55,24,16,14,13,87.8,75.7,110,1
RES-0145,Sunrise Main Campus,OPD,2024-07-04,47,30,14,2,0,1,93.9,82.0,84,7
RES-0146,Sunrise East,Orthopaedics,2024-06-06,33,32,18,23,11,12,75.0,76.4,93,3
RES-0147,Sunrise North,Cardiology,2023-05-11,77,10,30,5,15,6,72.4,85.4,73,7
RES-0148,Sunrise South,OPD,2024-12-27,99,10,11,11,12,6,96.5,91.3,32,5
RES-0149,Sunrise East,IPD,2023-12-17,118,52,7,28,12,13,90.1,92.3,16,3
RES-0150,Sunrise South,Surgery,2024-07-05,69,74,29,28,1,2,95.3,81.7,124,7
RES-0151,Sunrise East,OPD,2024-04-03,56,99,12,20,15,10,83.7,97.4,44,7
RES-0152,Sunrise East,IPD,2023-12-22,54,5,12,2,15,12,82.5,89.5,136,3
RES-0153,Sunrise North,Surgery,2024-08-01,39,22,19,3,12,0,71.2,75.6,48,0
RES-0154,Sunrise South,Surgery,2023-12-16,65,59,30,2,4,4,91.6,81.2,23,4
RES-0155,Sunrise East,OPD,2023-12-31,114,59,13,27,11,8,86.9,88.0,78,4
RES-0156,Sunrise North,Surgery,2023-12-05,44,64,6,23,10,1,86.2,76.5,32,3
RES-0157,Sunrise South,Cardiology,2023-04-05,31,105,10,20,0,2,81.7,87.1,68,6
RES-0158,Sunrise Main Campus,Surgery,2024-06-08,81,36,26,9,10,12,74.0,89.7,30,0
RES-0159,Sunrise Main Campus,Cardiology,2024-12-21,67,18,29,3,6,12,96.5,93.5,124,6
RES-0160,Sunrise South,Surgery,2024-09-01,116,103,20,21,10,14,76.9,79.5,129,8
RES-0161,Sunrise East,Lab,2024-01-19,30,69,6,15,3,11,81.4,98.6,25,3
RES-0162,Sunrise South,IPD,2024-08-08,106,45,6,6,1,11,90.4,93.2,16,4
RES-0163,Sunrise East,OPD,2024-02-20,73,49,8,9,6,7,85.5,85.0,35,4
RES-0164,Sunrise Main Campus,Radiology,2024-11-15,98,63,14,9,15,13,83.2,93.0,99,6
RES-0165,Sunrise South,IPD,2024-07-19,102,20,22,26,5,6,76.3,81.5,92,7
RES-0166,Sunrise Main Campus,Pharmacy,2023-10-19,78,89,9,26,3,10,86.2,98.2,116,3
RES-0167,Sunrise South,Lab,2024-10-03,20,104,25,9,4,11,97.3,75.4,143,1
RES-0168,Sunrise North,Pharmacy,2024-10-10,88,55,21,2,9,13,81.0,85.0,146,1
RES-0169,Sunrise North,Pharmacy,2024-12-29,57,41,28,24,14,3,72.0,94.3,70,4
RES-0170,Sunrise South,Orthopaedics,2024-12-06,115,44,11,6,5,9,77.0,83.8,46,5
RES-0171,Sunrise East,OPD,2024-10-23,48,38,18,15,8,14,84.5,89.7,150,3
RES-0172,Sunrise Main Campus,Pharmacy,2024-12-19,56,51,4,21,6,3,92.9,83.5,52,8
RES-0173,Sunrise North,Surgery,2023-06-18,79,10,17,2,7,4,89.8,94.0,99,2
RES-0174,Sunrise South,Emergency,2023-07-13,113,28,12,3,0,9,81.8,87.7,56,8
RES-0175,Sunrise Main Campus,Cardiology,2023-09-26,66,84,27,8,9,4,78.2,88.8,12,5
RES-0176,Sunrise North,Pharmacy,2023-06-12,11,41,7,9,5,11,99.9,95.6,13,4
RES-0177,Sunrise Main Campus,Cardiology,2023-02-14,81,88,13,12,1,0,84.2,77.8,129,1
RES-0178,Sunrise Main Campus,OPD,2023-04-19,97,38,24,20,0,6,85.4,92.1,85,8
RES-0179,Sunrise North,OPD,2024-06-13,70,64,12,12,0,6,84.5,85.0,42,5
RES-0180,Sunrise East,Cardiology,2024-04-11,78,32,13,15,15,0,96.3,77.0,30,1
RES-0181,Sunrise East,Orthopaedics,2024-07-15,54,41,5,26,5,9,85.3,98.2,77,2
RES-0182,Sunrise North,Emergency,2023-08-23,13,56,20,21,10,10,89.1,81.3,132,5
RES-0183,Sunrise East,Surgery,2023-04-21,117,83,10,11,5,12,85.4,95.9,105,4
RES-0184,Sunrise Main Campus,Lab,2024-08-08,27,57,17,23,7,3,87.7,88.3,35,7
RES-0185,Sunrise North,Pharmacy,2024-08-21,49,51,4,10,8,14,92.4,85.0,95,7
RES-0186,Sunrise South,Pharmacy,2024-07-17,25,43,9,14,13,3,88.7,90.7,24,3
RES-0187,Sunrise East,Emergency,2023-11-13,79,69,30,12,13,6,94.1,82.4,96,8
RES-0188,Sunrise East,Surgery,2024-02-09,52,82,9,10,0,4,84.3,75.0,68,5
RES-0189,Sunrise South,Lab,2023-08-16,118,51,28,7,10,12,76.2,81.1,67,7
RES-0190,Sunrise East,OPD,2024-12-02,18,29,24,12,2,11,96.9,82.0,131,7
RES-0191,Sunrise North,OPD,2023-01-28,37,92,10,5,6,13,84.5,83.5,10,7
RES-0192,Sunrise East,Orthopaedics,2023-06-28,31,58,23,3,0,8,73.3,79.2,101,4
RES-0193,Sunrise Main Campus,Surgery,2024-03-17,74,11,7,13,14,7,89.2,82.1,70,1
RES-0194,Sunrise Main Campus,Orthopaedics,2024-06-08,37,91,20,23,0,2,93.8,87.4,48,2
RES-0195,Sunrise Main Campus,Orthopaedics,2024-09-08,43,8,13,8,13,7,83.6,98.7,103,1
RES-0196,Sunrise East,IPD,2023-08-06,36,58,25,9,0,0,77.0,83.4,17,3
RES-0197,Sunrise South,Surgery,2023-12-31,93,74,23,5,5,7,97.9,97.2,32,7
RES-0198,Sunrise Main Campus,Radiology,2023-08-03,32,40,26,6,14,2,79.0,78.5,46,3
RES-0199,Sunrise South,Surgery,2024-10-22,28,66,20,24,10,11,80.6,84.2,63,4
RES-0200,Sunrise North,IPD,2023-04-14,29,34,18,16,9,5,72.5,88.6,131,6
RES-0201,Sunrise South,Emergency,2023-11-10,85,62,28,12,7,6,98.8,76.6,52,7
RES-0202,Sunrise Main Campus,OPD,2023-04-19,73,21,12,9,5,3,99.9,97.6,83,1
RES-0203,Sunrise East,Surgery,2023-03-11,100,75,20,3,15,12,97.9,95.8,121,4
RES-0204,Sunrise Main Campus,IPD,2024-03-31,84,101,5,24,1,6,71.2,93.0,26,0
RES-0205,Sunrise North,Emergency,2024-11-19,104,53,9,14,11,6,97.5,79.7,62,3
RES-0206,Sunrise South,Surgery,2023-07-20,41,15,10,25,2,9,99.8,93.4,61,8
RES-0207,Sunrise North,Cardiology,2023-01-27,30,109,18,17,6,3,75.1,75.9,54,2
RES-0208,Sunrise South,Emergency,2023-12-06,15,44,19,26,14,11,86.2,84.3,64,6
RES-0209,Sunrise East,Surgery,2023-12-12,53,80,30,18,7,2,94.5,83.7,56,1
RES-0210,Sunrise North,Cardiology,2024-05-11,18,60,24,4,0,3,72.7,77.9,37,4
RES-0211,Sunrise Main Campus,Emergency,2023-01-21,92,101,5,16,8,2,88.2,84.6,68,3
RES-0212,Sunrise North,Emergency,2024-09-29,20,81,13,17,5,6,85.6,89.1,42,0
RES-0213,Sunrise North,Orthopaedics,2024-06-03,49,10,5,5,9,11,99.9,82.9,25,2
RES-0214,Sunrise Main Campus,Pharmacy,2023-08-28,87,90,15,22,9,11,96.0,84.8,42,1
RES-0215,Sunrise South,IPD,2024-09-29,52,78,26,11,9,0,78.3,99.5,149,3
RES-0216,Sunrise East,Lab,2023-05-20,31,108,13,22,7,6,81.9,92.3,126,7
RES-0217,Sunrise South,Emergency,2023-11-11,95,67,12,25,14,11,71.4,93.1,146,6
RES-0218,Sunrise South,Pharmacy,2024-02-23,86,108,12,10,11,4,73.5,83.3,141,5
RES-0219,Sunrise East,Radiology,2024-06-25,69,7,25,9,5,13,76.0,98.1,51,4
RES-0220,Sunrise East,IPD,2024-10-31,13,17,14,3,3,6,95.9,80.9,14,6
RES-0221,Sunrise South,Pharmacy,2023-08-24,108,19,20,27,10,11,84.4,93.8,132,6
RES-0222,Sunrise Main Campus,Pharmacy,2023-11-10,77,97,18,23,5,3,86.0,83.2,41,5
RES-0223,Sunrise Main Campus,Cardiology,2023-01-17,96,18,15,20,15,1,91.9,82.8,131,0
RES-0224,Sunrise North,OPD,2024-04-18,116,24,22,28,7,6,95.2,82.7,73,6
RES-0225,Sunrise North,Orthopaedics,2024-03-03,67,12,22,5,0,1,82.3,85.4,146,6
RES-0226,Sunrise Main Campus,Orthopaedics,2024-04-20,66,49,7,2,3,9,75.9,94.0,45,4
RES-0227,Sunrise Main Campus,Radiology,2024-06-03,56,96,10,21,6,14,70.7,96.1,111,1
RES-0228,Sunrise Main Campus,Pharmacy,2024-02-18,107,109,4,19,0,11,73.9,88.0,36,8
RES-0229,Sunrise North,Lab,2024-12-17,40,42,29,23,13,8,75.7,76.5,12,6
RES-0230,Sunrise East,Radiology,2023-03-04,69,74,18,11,8,10,82.4,100.0,92,2
RES-0231,Sunrise South,Cardiology,2023-05-17,113,88,10,23,5,13,92.4,96.5,103,3
RES-0232,Sunrise South,Surgery,2023-12-29,11,104,9,3,6,11,72.0,94.0,59,0
RES-0233,Sunrise East,OPD,2023-10-01,120,83,30,24,10,8,73.9,99.8,48,6
RES-0234,Sunrise Main Campus,OPD,2023-11-17,82,7,24,12,5,6,88.7,90.0,75,8
RES-0235,Sunrise Main Campus,Lab,2024-03-26,14,55,12,18,0,4,99.4,86.2,144,4
RES-0236,Sunrise East,Emergency,2023-12-12,62,18,23,9,8,9,82.9,84.1,84,7
RES-0237,Sunrise Main Campus,Surgery,2023-03-15,85,104,23,7,3,1,71.9,88.9,143,8
RES-0238,Sunrise South,Orthopaedics,2023-07-18,100,109,5,25,14,12,77.1,86.9,130,2
RES-0239,Sunrise Main Campus,Emergency,2024-08-23,91,100,11,12,7,8,88.3,95.4,18,6
RES-0240,Sunrise North,OPD,2023-01-21,14,105,18,8,2,5,79.3,75.0,42,5
RES-0241,Sunrise Main Campus,IPD,2024-03-04,18,50,14,5,8,14,77.9,80.9,138,8
RES-0242,Sunrise East,Orthopaedics,2024-07-01,28,65,28,21,11,14,91.8,82.4,77,0
RES-0243,Sunrise North,Pharmacy,2023-09-27,55,37,21,25,9,9,82.8,83.9,18,1
RES-0244,Sunrise North,Pharmacy,2024-01-30,49,90,24,6,5,9,70.0,79.3,118,0
RES-0245,Sunrise North,Orthopaedics,2024-03-19,33,72,5,12,11,5,78.1,82.9,79,8
RES-0246,Sunrise Main Campus,Cardiology,2024-11-25,103,101,30,17,0,13,71.6,81.5,127,5
RES-0247,Sunrise Main Campus,Surgery,2023-11-10,44,108,14,22,5,4,95.0,88.8,26,7
RES-0248,Sunrise Main Campus,Pharmacy,2024-12-13,96,87,7,19,6,10,88.3,90.8,139,0
RES-0249,Sunrise East,Cardiology,2024-07-29,53,99,18,11,14,9,73.1,81.1,48,5
RES-0250,Sunrise Main Campus,Emergency,2023-06-01,19,75,20,9,11,9,76.1,90.9,132,8
RES-0251,Sunrise East,Lab,2024-04-24,92,9,22,27,8,12,97.5,77.6,124,5
RES-0252,Sunrise Main Campus,Pharmacy,2024-09-02,94,101,9,19,10,8,93.9,88.6,86,7
RES-0253,Sunrise Main Campus,OPD,2023-11-01,116,53,6,2,8,14,71.3,83.8,88,7
RES-0254,Sunrise Main Campus,OPD,2024-09-21,40,63,29,3,11,6,70.1,78.2,84,7
RES-0255,Sunrise East,Emergency,2024-04-07,64,43,18,14,1,4,80.6,99.7,109,7
RES-0256,Sunrise South,Lab,2024-12-11,120,85,24,16,1,3,75.4,87.3,84,8
RES-0257,Sunrise North,OPD,2023-01-04,44,74,21,14,14,7,84.8,78.4,81,4
RES-0258,Sunrise North,Cardiology,2023-01-16,84,10,21,10,15,13,84.5,76.0,109,4
RES-0259,Sunrise East,Pharmacy,2023-04-10,116,98,23,28,0,7,73.0,89.9,148,7
RES-0260,Sunrise North,IPD,2023-07-15,102,88,19,21,11,11,92.2,94.8,83,3
RES-0261,Sunrise Main Campus,Cardiology,2024-11-29,19,88,25,15,0,11,96.3,83.9,54,4
RES-0262,Sunrise Main Campus,Pharmacy,2023-08-31,30,87,10,23,10,7,94.8,88.1,27,0
RES-0263,Sunrise East,OPD,2023-05-29,62,36,10,28,9,5,84.8,85.6,40,7
RES-0264,Sunrise East,Emergency,2024-03-26,55,8,18,2,1,12,99.3,98.6,70,7
RES-0265,Sunrise Main Campus,Surgery,2024-03-19,75,6,27,10,13,4,89.8,78.1,13,5
RES-0266,Sunrise South,IPD,2023-05-18,30,9,14,6,9,2,76.6,82.7,146,2
RES-0267,Sunrise South,IPD,2023-09-11,96,62,12,7,2,12,84.4,89.2,50,6
RES-0268,Sunrise East,OPD,2023-01-19,11,13,28,10,10,14,91.3,88.1,136,1
RES-0269,Sunrise South,Surgery,2023-08-10,50,97,7,12,14,14,76.1,98.9,35,8
RES-0270,Sunrise East,Orthopaedics,2024-12-25,119,84,23,18,11,0,87.5,88.7,16,1
RES-0271,Sunrise North,OPD,2023-05-13,31,27,26,11,11,7,89.9,75.3,149,6
RES-0272,Sunrise North,Orthopaedics,2024-10-29,99,109,7,25,0,2,96.9,97.4,69,2
RES-0273,Sunrise North,Radiology,2024-08-28,53,65,28,14,8,2,75.0,97.9,41,5
RES-0274,Sunrise East,IPD,2024-06-08,19,94,30,28,13,8,89.6,83.0,123,4
RES-0275,Sunrise Main Campus,Cardiology,2023-09-20,22,103,11,16,0,0,89.0,99.8,120,4
RES-0276,Sunrise Main Campus,OPD,2023-08-22,42,39,25,16,5,11,77.0,77.2,136,6
RES-0277,Sunrise East,Orthopaedics,2024-03-22,66,75,26,12,7,0,89.0,91.0,97,4
RES-0278,Sunrise East,Surgery,2024-03-23,87,71,20,9,2,3,95.3,77.7,87,6
RES-0279,Sunrise East,Orthopaedics,2024-06-04,59,27,25,14,4,8,92.0,77.6,16,6
RES-0280,Sunrise North,Orthopaedics,2024-08-17,104,84,26,18,5,13,91.7,92.6,23,0
RES-0281,Sunrise East,Surgery,2023-03-05,85,69,16,4,3,3,71.0,76.7,71,1
RES-0282,Sunrise Main Campus,Pharmacy,2023-02-21,61,87,8,25,4,12,83.6,93.2,20,5
RES-0283,Sunrise East,Emergency,2024-07-08,107,60,7,18,12,0,90.3,96.8,25,0
RES-0284,Sunrise East,Orthopaedics,2024-06-16,69,36,12,19,10,14,80.3,91.1,124,5
RES-0285,Sunrise South,Cardiology,2023-01-04,44,65,4,14,9,3,70.5,88.2,146,0
RES-0286,Sunrise Main Campus,IPD,2024-09-04,50,25,18,22,1,0,81.9,80.9,30,7
RES-0287,Sunrise South,Radiology,2024-06-27,114,82,30,5,13,14,90.6,94.6,86,5
RES-0288,Sunrise North,Surgery,2024-12-08,113,97,15,12,1,6,98.6,98.1,58,8
RES-0289,Sunrise East,IPD,2023-01-03,85,40,6,14,1,4,81.2,76.5,15,8
RES-0290,Sunrise South,OPD,2024-12-01,11,93,13,6,9,7,96.4,92.7,24,4
RES-0291,Sunrise South,Lab,2023-10-06,29,71,8,12,11,10,86.6,79.8,32,1
RES-0292,Sunrise Main Campus,Surgery,2024-06-10,74,20,21,27,8,5,77.2,79.0,108,8
RES-0293,Sunrise Main Campus,Emergency,2024-02-24,99,98,24,3,5,7,86.9,80.5,31,1
RES-0294,Sunrise South,Emergency,2024-08-13,88,68,5,17,2,5,93.1,87.0,93,2
RES-0295,Sunrise North,Lab,2023-08-08,112,32,4,11,13,2,87.8,77.9,72,3
RES-0296,Sunrise South,Lab,2023-03-30,113,47,26,22,5,7,96.9,90.8,99,3
RES-0297,Sunrise South,Surgery,2023-05-06,105,27,26,21,15,6,71.1,86.0,13,5
RES-0298,Sunrise Main Campus,OPD,2024-08-16,18,96,23,4,5,10,73.7,96.8,68,0
RES-0299,Sunrise Main Campus,OPD,2024-05-23,26,45,27,17,6,5,73.8,83.2,55,4
RES-0300,Sunrise East,IPD,2024-06-22,84,103,7,27,8,10,90.7,98.7,123,2
RES-0301,Sunrise South,Pharmacy,2023-05-11,56,19,23,22,4,6,72.0,85.6,113,5
RES-0302,Sunrise South,Orthopaedics,2023-10-04,56,69,28,19,12,9,78.7,96.2,120,0
RES-0303,Sunrise Main Campus,Pharmacy,2024-12-24,96,20,21,12,14,10,98.2,96.1,144,0
RES-0304,Sunrise Main Campus,OPD,2024-06-26,107,108,13,26,12,2,83.5,97.0,72,2
RES-0305,Sunrise East,IPD,2024-02-25,19,5,25,26,7,5,84.3,87.4,67,2
RES-0306,Sunrise East,Cardiology,2023-12-20,50,56,19,22,4,10,86.9,80.4,70,1
RES-0307,Sunrise Main Campus,Lab,2023-05-31,101,78,12,10,0,1,79.3,90.2,102,2
RES-0308,Sunrise East,Lab,2024-08-12,112,21,24,6,5,8,99.2,99.3,141,5
RES-0309,Sunrise North,IPD,2023-08-02,40,98,29,21,5,13,81.6,91.8,82,0
RES-0310,Sunrise South,Lab,2024-03-06,34,38,18,20,14,4,75.4,88.3,141,4
RES-0311,Sunrise Main Campus,Radiology,2023-06-16,83,100,13,12,14,4,92.4,93.8,48,1
RES-0312,Sunrise East,Pharmacy,2023-12-29,80,54,6,26,2,3,82.3,82.2,131,0
RES-0313,Sunrise East,OPD,2024-01-24,33,46,27,16,1,7,75.7,94.5,26,4
RES-0314,Sunrise Main Campus,Radiology,2024-01-22,76,16,21,9,11,1,97.0,98.9,90,2
RES-0315,Sunrise South,IPD,2023-02-18,84,87,13,27,11,1,92.9,98.3,101,6
RES-0316,Sunrise North,Surgery,2023-09-21,114,53,26,14,9,0,88.8,87.8,17,7
RES-0317,Sunrise East,IPD,2024-11-12,23,41,12,12,0,3,84.6,91.2,121,5
RES-0318,Sunrise Main Campus,Pharmacy,2023-06-06,61,41,23,15,7,8,84.3,90.6,108,0
RES-0319,Sunrise South,Cardiology,2023-05-05,63,98,27,13,5,3,73.1,77.7,131,3
RES-0320,Sunrise East,Radiology,2024-11-12,18,91,12,21,3,7,88.9,82.1,126,5
RES-0321,Sunrise North,Emergency,2023-01-20,119,88,30,3,13,4,82.1,82.8,125,4
RES-0322,Sunrise East,IPD,2024-01-03,25,21,12,13,9,13,99.3,90.5,88,8
RES-0323,Sunrise North,Lab,2023-05-28,106,102,27,22,8,13,78.0,76.0,58,5
RES-0324,Sunrise North,Cardiology,2024-04-02,118,110,20,22,12,11,80.2,80.0,41,0
RES-0325,Sunrise North,Orthopaedics,2023-11-30,80,100,22,10,3,1,79.5,90.7,82,2
RES-0326,Sunrise North,Cardiology,2023-05-23,26,6,13,15,9,10,77.0,79.7,74,2
RES-0327,Sunrise Main Campus,Radiology,2024-06-04,44,81,22,28,11,3,80.7,91.3,131,3
RES-0328,Sunrise North,IPD,2023-03-09,60,46,15,28,14,13,88.1,96.3,13,1
RES-0329,Sunrise North,IPD,2023-04-03,65,73,9,8,14,10,98.8,90.6,108,8
RES-0330,Sunrise East,Surgery,2023-06-19,47,52,14,16,11,9,95.9,76.1,16,0
RES-0331,Sunrise East,Pharmacy,2023-12-10,84,66,7,23,7,0,90.8,90.8,79,1
RES-0332,Sunrise North,Lab,2024-10-09,76,25,6,9,0,13,87.9,97.7,58,6
RES-0333,Sunrise North,Orthopaedics,2024-09-25,13,60,20,8,14,2,98.3,99.9,128,1
RES-0334,Sunrise East,Cardiology,2024-08-31,66,23,25,28,11,10,75.6,94.4,138,3
RES-0335,Sunrise Main Campus,Emergency,2024-01-21,79,110,21,19,9,0,75.8,96.4,10,8
RES-0336,Sunrise South,Orthopaedics,2024-10-31,55,88,19,2,15,6,72.8,95.7,145,8
RES-0337,Sunrise East,Cardiology,2024-04-19,58,58,10,16,14,12,81.4,80.2,83,4
RES-0338,Sunrise South,IPD,2023-12-21,28,84,18,26,7,7,92.2,76.4,88,5
RES-0339,Sunrise South,Radiology,2023-04-01,107,73,10,9,0,0,84.6,89.1,118,1
RES-0340,Sunrise South,Pharmacy,2024-06-10,67,84,8,15,6,11,71.3,96.7,34,1
RES-0341,Sunrise Main Campus,Emergency,2023-11-13,78,51,17,21,7,2,95.1,81.1,33,0
RES-0342,Sunrise South,Radiology,2024-10-06,101,38,6,12,8,8,81.3,80.1,89,4
RES-0343,Sunrise East,Surgery,2024-03-22,71,96,26,23,11,13,81.9,83.7,91,4
RES-0344,Sunrise Main Campus,OPD,2023-03-11,96,104,19,5,3,2,79.9,88.0,30,7
RES-0345,Sunrise East,IPD,2023-08-11,13,58,20,3,15,12,76.3,95.7,75,0
RES-0346,Sunrise East,Surgery,2023-03-25,102,72,18,22,4,0,95.5,99.4,121,6
RES-0347,Sunrise North,Surgery,2023-05-09,36,52,12,12,15,7,99.1,89.5,50,7
RES-0348,Sunrise East,Cardiology,2023-07-11,75,68,19,10,2,3,86.0,87.0,122,3
RES-0349,Sunrise South,Cardiology,2023-05-08,42,104,27,12,12,0,79.0,83.9,13,4
RES-0350,Sunrise South,Emergency,2023-08-21,42,71,8,21,6,3,83.2,94.3,19,4
RES-0351,Sunrise North,IPD,2024-08-20,25,5,30,9,12,12,76.0,93.8,135,0
RES-0352,Sunrise South,Surgery,2023-08-25,112,71,12,27,3,7,89.1,76.6,103,4
RES-0353,Sunrise Main Campus,Radiology,2023-03-26,89,12,27,26,1,8,83.8,83.6,41,7
RES-0354,Sunrise North,Cardiology,2024-11-14,103,54,30,24,8,3,87.1,96.6,47,7
RES-0355,Sunrise North,Lab,2024-01-04,114,53,30,25,10,5,93.7,87.9,121,7
RES-0356,Sunrise Main Campus,IPD,2024-07-04,19,73,21,8,15,10,94.4,75.9,111,6
RES-0357,Sunrise North,Surgery,2023-09-17,31,9,16,23,0,14,89.5,85.8,70,5
RES-0358,Sunrise North,Lab,2023-04-15,39,41,6,27,3,4,72.9,78.0,74,8
RES-0359,Sunrise North,OPD,2023-10-26,26,69,15,8,15,4,93.4,95.1,79,4
RES-0360,Sunrise Main Campus,OPD,2024-09-21,13,78,28,12,1,8,73.6,91.0,68,8
RES-0361,Sunrise South,Surgery,2024-09-27,100,47,29,17,11,7,99.1,82.5,46,4
RES-0362,Sunrise East,Surgery,2023-06-28,55,44,17,22,2,13,93.4,87.6,69,0
RES-0363,Sunrise South,Pharmacy,2024-11-04,18,43,21,8,7,0,74.0,80.6,138,8
RES-0364,Sunrise South,Orthopaedics,2023-03-08,19,9,27,12,3,6,91.1,78.1,19,0
RES-0365,Sunrise Main Campus,Surgery,2023-09-07,20,62,27,13,5,6,95.7,96.3,109,4
RES-0366,Sunrise North,Emergency,2023-11-12,59,25,19,8,2,12,96.2,79.8,109,4
RES-0367,Sunrise North,Radiology,2024-07-14,111,47,19,27,10,1,89.1,82.4,138,3
RES-0368,Sunrise East,IPD,2023-08-21,116,68,19,10,4,11,90.8,88.3,76,6
RES-0369,Sunrise North,Pharmacy,2023-07-05,102,62,15,7,14,7,93.4,79.3,66,0
RES-0370,Sunrise North,Pharmacy,2024-02-01,93,103,14,4,8,2,89.2,77.2,98,6
RES-0371,Sunrise Main Campus,Lab,2024-08-20,45,58,13,14,14,12,74.6,98.3,92,5
RES-0372,Sunrise South,Radiology,2023-05-20,80,75,14,19,1,13,99.0,75.3,15,1
RES-0373,Sunrise North,Cardiology,2024-03-24,51,15,4,22,3,7,72.2,90.3,82,8
RES-0374,Sunrise East,IPD,2023-12-15,26,31,8,18,10,1,89.9,78.2,93,6
RES-0375,Sunrise East,Radiology,2024-01-26,114,103,15,20,12,12,94.1,76.8,128,1
RES-0376,Sunrise North,Emergency,2024-02-29,63,84,29,5,10,6,80.3,90.9,22,3
RES-0377,Sunrise South,Surgery,2024-07-24,20,78,16,2,3,1,93.7,92.8,39,2
RES-0378,Sunrise South,Lab,2023-03-15,100,84,13,11,10,7,83.7,98.7,52,1
RES-0379,Sunrise Main Campus,Radiology,2024-05-01,56,86,14,24,14,0,91.3,91.0,41,0
RES-0380,Sunrise South,Lab,2023-07-25,22,54,15,26,0,10,88.0,94.2,19,3
RES-0381,Sunrise East,Cardiology,2024-12-03,52,87,8,9,14,8,83.7,96.2,48,8
RES-0382,Sunrise South,Surgery,2023-06-09,52,27,8,11,3,1,87.8,77.8,46,6
RES-0383,Sunrise South,Pharmacy,2023-03-19,53,41,30,3,3,11,75.7,93.3,54,7
RES-0384,Sunrise Main Campus,Pharmacy,2024-03-23,36,109,5,16,13,6,80.4,79.4,130,6
RES-0385,Sunrise South,Emergency,2024-01-21,18,13,19,8,5,4,86.7,92.5,111,4
RES-0386,Sunrise East,IPD,2024-08-05,75,83,9,15,12,1,76.7,86.3,73,4
RES-0387,Sunrise North,IPD,2023-06-05,51,15,21,20,6,10,87.7,90.5,92,5
RES-0388,Sunrise East,Emergency,2023-10-02,18,42,9,7,14,2,77.2,99.6,47,1
RES-0389,Sunrise East,Surgery,2023-10-20,76,55,6,11,1,2,83.9,98.5,88,8
RES-0390,Sunrise Main Campus,OPD,2023-03-08,49,76,5,23,12,4,82.6,95.2,99,6
RES-0391,Sunrise East,OPD,2024-06-02,99,20,17,12,1,14,80.3,95.1,38,8
RES-0392,Sunrise Main Campus,Radiology,2023-09-25,95,80,25,12,1,7,98.3,79.0,16,2
RES-0393,Sunrise East,Emergency,2023-08-28,100,25,7,12,13,0,97.8,95.0,17,7
RES-0394,Sunrise South,IPD,2024-04-01,73,54,24,8,2,5,91.2,78.0,141,5
RES-0395,Sunrise South,OPD,2024-01-17,93,24,10,21,15,6,72.6,79.6,51,0
RES-0396,Sunrise Main Campus,OPD,2024-10-13,48,73,21,7,9,12,91.8,87.7,147,0
RES-0397,Sunrise South,Cardiology,2024-10-19,119,34,11,27,10,1,84.9,76.4,28,6
RES-0398,Sunrise South,Pharmacy,2024-04-26,117,91,9,8,10,14,92.1,88.5,66,4
RES-0399,Sunrise Main Campus,Orthopaedics,2024-03-29,40,82,15,4,4,4,94.0,84.5,134,3
RES-0400,Sunrise North,Lab,2024-10-20,98,86,13,4,15,7,79.2,78.0,28,7
