survey_id,hospital,department,survey_date,patient_type,doctor_rating,nurse_rating,cleanliness_rating,waiting_time_mins,billing_clarity_rating,overall_satisfaction,would_recommend,feedback_comment
SUR-0001,Sunrise North,OPD,2024-06-27,Outpatient,1,1,3,90,1,1,Yes,
SUR-0002,Sunrise East,Surgery,2023-10-19,Emergency,2,4,2,139,4,4,Maybe,
SUR-0003,Sunrise South,Cardiology,2023-03-13,Outpatient,5,1,4,149,2,4,Yes,Clean and hygienic
SUR-0004,Sunrise East,Cardiology,2024-09-28,Emergency,3,3,2,7,1,4,Yes,Could improve response time
SUR-0005,Sunrise Main Campus,IPD,2023-02-01,Inpatient,1,1,4,78,2,2,No,
SUR-0006,Sunrise Main Campus,Radiology,2023-03-31,Inpatient,3,1,5,128,1,4,Yes,Long waiting time
SUR-0007,Sunrise South,Cardiology,2023-07-02,Inpatient,2,2,1,14,3,3,Yes,Could improve response time
SUR-0008,Sunrise South,Cardiology,2023-08-20,Inpatient,4,5,3,168,3,4,Yes,
SUR-0009,Sunrise South,Radiology,2024-04-22,Inpatient,1,1,1,119,1,5,No,
SUR-0010,Sunrise East,Emergency,2024-08-15,Emergency,4,4,1,67,1,4,No,Clean and hygienic
SUR-0011,Sunrise East,Emergency,2024-12-08,Inpatient,1,5,2,133,2,1,Yes,
SUR-0012,Sunrise East,Radiology,2024-02-05,Outpatient,5,1,5,89,3,3,Yes,Staff was very helpful
SUR-0013,Sunrise North,IPD,2024-03-06,Emergency,4,3,5,95,5,5,Yes,Doctors were attentive
SUR-0014,Sunrise North,IPD,2023-07-30,Emergency,2,3,4,113,1,5,Yes,Staff was very helpful
SUR-0015,Sunrise North,Cardiology,2023-09-05,Inpatient,2,4,3,106,5,1,Yes,Clean and hygienic
SUR-0016,Sunrise North,IPD,2023-11-15,Outpatient,3,1,1,180,5,1,Maybe,Could improve response time
SUR-0017,Sunrise North,IPD,2024-10-02,Outpatient,3,5,5,69,4,4,Yes,Could improve response time
SUR-0018,Sunrise Main Campus,IPD,2023-12-13,Inpatient,4,4,2,101,5,1,No,Clean and hygienic
SUR-0019,Sunrise East,Radiology,2024-07-04,Outpatient,4,2,3,60,5,3,Yes,
SUR-0020,Sunrise East,IPD,2023-07-10,Inpatient,5,5,4,94,4,4,Yes,Excellent care received
SUR-0021,Sunrise Main Campus,Radiology,2024-07-12,Inpatient,3,5,1,103,3,5,Yes,Doctors were attentive
SUR-0022,Sunrise South,Lab,2024-11-20,Inpatient,5,1,2,169,3,4,Yes,
SUR-0023,Sunrise Main Campus,Orthopaedics,2024-06-06,Outpatient,1,2,2,15,1,3,Yes,
SUR-0024,Sunrise South,Cardiology,2024-08-24,Outpatient,1,3,2,82,2,5,Maybe,Could improve response time
SUR-0025,Sunrise Main Campus,Cardiology,2024-02-04,Emergency,2,5,2,158,4,5,No,Billing process confusing
SUR-0026,Sunrise North,Orthopaedics,2023-01-24,Emergency,4,1,5,146,3,5,No,Very professional staff
SUR-0027,Sunrise South,Lab,2024-10-22,Emergency,2,4,5,19,1,3,No,Clean and hygienic
SUR-0028,Sunrise South,Lab,2023-04-20,Outpatient,1,2,2,32,1,5,Yes,
SUR-0029,Sunrise Main Campus,OPD,2023-02-22,Emergency,1,4,3,67,5,4,Yes,Billing process confusing
SUR-0030,Sunrise South,Pharmacy,2024-02-06,Outpatient,2,3,3,142,3,5,Maybe,
SUR-0031,Sunrise Main Campus,OPD,2024-06-28,Inpatient,3,4,5,116,1,1,Maybe,Clean and hygienic
SUR-0032,Sunrise Main Campus,Orthopaedics,2024-04-16,Inpatient,3,2,1,21,5,5,No,Doctors were attentive
SUR-0033,Sunrise East,Orthopaedics,2024-01-04,Outpatient,5,5,5,55,5,2,Yes,Doctors were attentive
SUR-0034,Sunrise South,Orthopaedics,2023-12-16,Inpatient,4,5,1,165,5,5,Yes,
SUR-0035,Sunrise North,Lab,2024-12-11,Inpatient,2,1,1,115,4,4,No,Long waiting time
SUR-0036,Sunrise East,Emergency,2024-07-22,Inpatient,4,1,2,141,5,1,Yes,Excellent care received
SUR-0037,Sunrise South,Orthopaedics,2024-03-08,Emergency,2,1,4,19,3,2,Maybe,Long waiting time
SUR-0038,Sunrise North,Pharmacy,2023-11-21,Outpatient,2,4,2,96,2,5,Yes,
SUR-0039,Sunrise East,IPD,2024-04-20,Outpatient,1,1,3,94,2,2,Maybe,
SUR-0040,Sunrise North,Emergency,2023-10-15,Outpatient,5,5,1,161,4,5,Yes,Could improve response time
SUR-0041,Sunrise North,Orthopaedics,2024-07-04,Outpatient,1,4,3,166,1,3,Maybe,Could improve response time
SUR-0042,Sunrise Main Campus,Orthopaedics,2024-03-09,Inpatient,4,3,5,176,2,4,Maybe,
SUR-0043,Sunrise East,Pharmacy,2024-04-06,Inpatient,5,1,5,179,3,4,Yes,Clean and hygienic
SUR-0044,Sunrise South,Cardiology,2024-06-27,Outpatient,1,5,1,81,5,4,Maybe,
SUR-0045,Sunrise North,Surgery,2023-05-19,Emergency,3,2,1,57,1,5,No,Very professional staff
SUR-0046,Sunrise Main Campus,Orthopaedics,2024-10-20,Emergency,4,3,3,85,4,5,No,Clean and hygienic
SUR-0047,Sunrise North,Orthopaedics,2024-11-12,Emergency,2,2,1,74,5,5,Yes,Billing process confusing
SUR-0048,Sunrise Main Campus,Pharmacy,2024-11-11,Inpatient,2,3,1,37,1,3,Maybe,Could improve response time
SUR-0049,Sunrise Main Campus,IPD,2023-12-21,Outpatient,5,4,4,119,1,4,Maybe,Doctors were attentive
SUR-0050,Sunrise South,Pharmacy,2023-02-27,Emergency,1,1,5,43,2,4,Yes,Very professional staff
SUR-0051,Sunrise Main Campus,Surgery,2024-05-31,Emergency,4,1,3,171,1,5,Yes,
SUR-0052,Sunrise North,IPD,2024-12-06,Inpatient,5,4,3,80,4,1,Maybe,Staff was very helpful
SUR-0053,Sunrise Main Campus,Surgery,2023-11-17,Emergency,4,5,4,97,5,2,Yes,Staff was very helpful
SUR-0054,Sunrise East,Radiology,2024-07-30,Outpatient,3,1,5,116,2,2,Yes,Could improve response time
SUR-0055,Sunrise Main Campus,IPD,2023-11-05,Outpatient,2,1,3,29,3,2,Yes,Excellent care received
SUR-0056,Sunrise North,Orthopaedics,2024-02-05,Outpatient,1,2,2,128,2,5,Yes,Could improve response time
SUR-0057,Sunrise Main Campus,Surgery,2024-09-08,Outpatient,2,4,5,146,3,2,Yes,Could improve response time
SUR-0058,Sunrise Main Campus,Pharmacy,2024-03-06,Inpatient,2,4,2,118,2,3,Yes,
SUR-0059,Sunrise East,Pharmacy,2024-04-11,Emergency,5,4,2,90,5,2,Maybe,
SUR-0060,Sunrise East,Cardiology,2023-11-25,Outpatient,3,5,3,14,4,1,Yes,
SUR-0061,Sunrise Main Campus,OPD,2024-06-03,Outpatient,2,1,5,92,2,1,Yes,Staff was very helpful
SUR-0062,Sunrise South,Lab,2024-10-15,Inpatient,4,2,3,110,5,3,Yes,
SUR-0063,Sunrise East,Radiology,2023-10-06,Emergency,4,2,4,81,4,1,Yes,Could improve response time
SUR-0064,Sunrise North,Emergency,2024-08-02,Inpatient,4,4,4,54,1,2,No,Doctors were attentive
SUR-0065,Sunrise Main Campus,Surgery,2024-11-22,Outpatient,3,3,4,37,2,4,Yes,Long waiting time
SUR-0066,Sunrise East,Surgery,2023-06-11,Inpatient,2,2,1,73,1,1,Yes,Doctors were attentive
SUR-0067,Sunrise Main Campus,Lab,2023-11-21,Emergency,5,1,2,55,1,4,Yes,Billing process confusing
SUR-0068,Sunrise East,OPD,2023-05-22,Outpatient,5,1,4,36,1,3,Yes,Very professional staff
SUR-0069,Sunrise East,Surgery,2024-03-15,Emergency,2,5,2,117,4,4,Maybe,Excellent care received
SUR-0070,Sunrise East,Pharmacy,2024-07-29,Inpatient,5,5,4,77,5,3,Maybe,Long waiting time
SUR-0071,Sunrise South,Radiology,2024-10-04,Emergency,5,5,3,179,1,5,Yes,Clean and hygienic
SUR-0072,Sunrise Main Campus,Surgery,2023-07-17,Outpatient,2,3,2,73,5,5,Yes,
SUR-0073,Sunrise East,Emergency,2023-11-20,Inpatient,3,1,3,99,2,4,Maybe,Doctors were attentive
SUR-0074,Sunrise Main Campus,Orthopaedics,2024-07-13,Inpatient,2,4,1,77,1,3,No,Doctors were attentive
SUR-0075,Sunrise North,Radiology,2023-08-15,Emergency,2,2,4,22,2,4,Maybe,
SUR-0076,Sunrise East,Orthopaedics,2024-11-20,Emergency,2,4,1,128,4,1,Yes,Billing process confusing
SUR-0077,Sunrise Main Campus,Pharmacy,2023-04-30,Outpatient,3,4,2,29,4,1,Yes,
SUR-0078,Sunrise South,Orthopaedics,2023-06-18,Inpatient,5,4,3,160,4,3,Yes,Could improve response time
SUR-0079,Sunrise North,Cardiology,2023-03-24,Outpatient,2,2,4,119,4,4,No,Staff was very helpful
SUR-0080,Sunrise South,IPD,2023-02-23,Inpatient,4,3,4,163,3,3,Yes,Clean and hygienic
SUR-0081,Sunrise North,Radiology,2024-10-17,Inpatient,2,1,4,131,1,2,Maybe,
SUR-0082,Sunrise North,Radiology,2023-03-04,Emergency,1,2,4,20,3,4,Yes,Very professional staff
SUR-0083,Sunrise Main Campus,OPD,2024-07-01,Emergency,4,2,5,145,1,4,Maybe,
SUR-0084,Sunrise Main Campus,Surgery,2023-12-17,Outpatient,4,5,1,86,3,2,No,Staff was very helpful
SUR-0085,Sunrise South,Cardiology,2024-01-15,Emergency,1,1,5,34,1,3,No,Very professional staff
SUR-0086,Sunrise South,OPD,2023-02-16,Outpatient,2,5,5,135,1,2,Yes,Very professional staff
SUR-0087,Sunrise East,Radiology,2023-09-26,Outpatient,1,3,3,82,1,3,No,Billing process confusing
SUR-0088,Sunrise Main Campus,Surgery,2023-06-23,Inpatient,1,3,1,6,1,5,No,
SUR-0089,Sunrise East,Emergency,2024-08-18,Outpatient,2,1,3,43,5,4,Yes,Staff was very helpful
SUR-0090,Sunrise East,OPD,2023-11-30,Outpatient,1,1,1,125,4,4,Yes,Clean and hygienic
SUR-0091,Sunrise Main Campus,Emergency,2024-11-22,Emergency,5,1,5,159,1,1,Yes,
SUR-0092,Sunrise South,Surgery,2024-03-26,Inpatient,3,1,3,144,1,5,Yes,Clean and hygienic
SUR-0093,Sunrise East,Radiology,2024-07-25,Outpatient,4,3,5,126,1,1,No,Could improve response time
SUR-0094,Sunrise East,Orthopaedics,2023-03-22,Emergency,1,5,2,29,5,1,No,Clean and hygienic
SUR-0095,Sunrise South,IPD,2023-11-21,Emergency,3,1,4,41,4,4,Yes,Doctors were attentive
SUR-0096,Sunrise South,Emergency,2023-11-18,Inpatient,5,5,1,124,1,5,Maybe,Long waiting time
SUR-0097,Sunrise North,Cardiology,2023-07-29,Outpatient,5,5,4,145,1,3,No,Staff was very helpful
SUR-0098,Sunrise Main Campus,Cardiology,2024-05-31,Outpatient,4,1,5,124,2,1,Yes,Doctors were attentive
SUR-0099,Sunrise Main Campus,OPD,2024-01-30,Outpatient,1,4,4,78,4,1,Yes,
SUR-0100,Sunrise East,Pharmacy,2024-03-18,Outpatient,1,4,2,75,3,2,Yes,Could improve response time
SUR-0101,Sunrise Main Campus,IPD,2024-07-29,Inpatient,5,5,2,168,3,2,Yes,Doctors were attentive
SUR-0102,Sunrise South,IPD,2024-06-14,Emergency,2,1,3,100,4,5,Yes,
SUR-0103,Sunrise Main Campus,Emergency,2024-11-18,Emergency,3,2,2,165,2,5,Maybe,Staff was very helpful
SUR-0104,Sunrise Main Campus,Cardiology,2023-07-21,Outpatient,5,1,3,163,3,3,Yes,Staff was very helpful
SUR-0105,Sunrise East,Orthopaedics,2023-04-02,Inpatient,4,2,3,87,2,2,Maybe,Clean and hygienic
SUR-0106,Sunrise South,Emergency,2024-09-25,Emergency,2,3,4,72,3,2,Yes,Clean and hygienic
SUR-0107,Sunrise North,Lab,2024-04-01,Emergency,4,5,2,47,5,3,Yes,Clean and hygienic
SUR-0108,Sunrise Main Campus,OPD,2024-09-25,Outpatient,2,2,5,48,5,1,Yes,
SUR-0109,Sunrise East,OPD,2023-10-28,Emergency,1,5,3,55,1,3,No,Doctors were attentive
SUR-0110,Sunrise North,Radiology,2023-07-26,Outpatient,5,2,4,14,3,4,Yes,
SUR-0111,Sunrise East,Surgery,2023-10-23,Outpatient,2,2,2,9,4,2,Yes,Billing process confusing
SUR-0112,Sunrise East,Pharmacy,2023-01-01,Emergency,4,1,1,132,5,3,No,
SUR-0113,Sunrise North,OPD,2023-03-10,Outpatient,1,4,2,19,5,1,Yes,
SUR-0114,Sunrise East,Emergency,2024-10-22,Emergency,3,2,5,159,5,1,No,Very professional staff
SUR-0115,Sunrise East,Cardiology,2023-01-03,Inpatient,1,4,1,161,3,4,Maybe,Very professional staff
SUR-0116,Sunrise Main Campus,OPD,2023-01-03,Emergency,5,1,5,27,5,4,Maybe,
SUR-0117,Sunrise North,Pharmacy,2024-08-03,Inpatient,4,3,3,90,1,1,Yes,Billing process confusing
SUR-0118,Sunrise North,Pharmacy,2023-01-23,Inpatient,3,3,5,169,4,4,Maybe,
SUR-0119,Sunrise North,IPD,2023-03-31,Emergency,2,5,2,8,2,2,Yes,Billing process confusing
SUR-0120,Sunrise South,Cardiology,2023-06-20,Inpatient,1,1,2,176,3,3,Maybe,Excellent care received
SUR-0121,Sunrise South,Pharmacy,2024-04-02,Inpatient,2,3,5,179,1,2,Yes,Long waiting time
SUR-0122,Sunrise South,Emergency,2024-01-15,Inpatient,5,1,5,177,1,5,No,Very professional staff
SUR-0123,Sunrise North,Pharmacy,2024-03-10,Inpatient,5,4,2,114,1,2,No,Doctors were attentive
SUR-0124,Sunrise South,Radiology,2023-11-03,Emergency,3,3,4,67,1,1,Maybe,Excellent care received
SUR-0125,Sunrise Main Campus,Radiology,2024-01-18,Outpatient,5,3,4,69,4,4,No,Could improve response time
SUR-0126,Sunrise Main Campus,Orthopaedics,2024-01-28,Outpatient,1,3,2,26,4,2,No,
SUR-0127,Sunrise East,Emergency,2023-08-31,Emergency,3,2,1,169,2,2,Maybe,
SUR-0128,Sunrise North,Surgery,2024-03-21,Emergency,1,1,4,119,4,5,Yes,
SUR-0129,Sunrise East,Surgery,2023-03-12,Inpatient,1,2,2,43,2,2,Yes,
SUR-0130,Sunrise South,Pharmacy,2024-05-18,Outpatient,5,5,1,149,4,3,Yes,
SUR-0131,Sunrise Main Campus,Surgery,2023-07-14,Inpatient,1,3,5,103,1,4,Yes,Could improve response time
SUR-0132,Sunrise Main Campus,IPD,2023-05-09,Emergency,4,1,3,126,3,1,Yes,Could improve response time
SUR-0133,Sunrise South,Cardiology,2023-10-24,Emergency,2,5,2,87,2,4,No,Could improve response time
SUR-0134,Sunrise East,Surgery,2024-03-13,Emergency,3,1,4,101,2,5,Yes,
SUR-0135,Sunrise Main Campus,Orthopaedics,2024-10-12,Outpatient,2,2,2,170,3,2,Maybe,
SUR-0136,Sunrise East,Radiology,2024-01-10,Inpatient,4,3,3,148,5,1,Yes,Clean and hygienic
SUR-0137,Sunrise North,Radiology,2024-10-30,Inpatient,1,4,4,152,3,3,Maybe,Very professional staff
SUR-0138,Sunrise South,Pharmacy,2023-11-30,Emergency,1,5,3,63,4,5,Yes,
SUR-0139,Sunrise Main Campus,Lab,2023-02-18,Inpatient,4,2,4,145,4,2,Yes,Clean and hygienic
SUR-0140,Sunrise East,IPD,2023-04-13,Inpatient,1,4,3,72,4,3,Yes,
SUR-0141,Sunrise South,Orthopaedics,2024-11-23,Outpatient,5,3,4,121,3,2,No,
SUR-0142,Sunrise South,Lab,2023-06-05,Emergency,3,3,4,44,1,1,No,Very professional staff
SUR-0143,Sunrise South,Orthopaedics,2023-07-07,Inpatient,4,4,5,52,1,5,Yes,Doctors were attentive
SUR-0144,Sunrise East,OPD,2024-08-31,Outpatient,1,1,3,154,1,2,No,Excellent care received
SUR-0145,Sunrise North,IPD,2024-07-27,Emergency,4,3,1,127,2,1,No,Clean and hygienic
SUR-0146,Sunrise East,Lab,2023-05-03,Emergency,5,3,4,38,4,3,Yes,
SUR-0147,Sunrise South,Orthopaedics,2024-05-09,Outpatient,1,1,5,26,1,3,Yes,
SUR-0148,Sunrise South,IPD,2023-12-01,Emergency,2,4,3,70,5,3,No,Clean and hygienic
SUR-0149,Sunrise North,Cardiology,2023-03-13,Outpatient,2,3,2,92,5,1,Yes,Staff was very helpful
SUR-0150,Sunrise Main Campus,Pharmacy,2024-06-29,Inpatient,4,2,1,52,4,4,Yes,Excellent care received
SUR-0151,Sunrise East,Lab,2023-12-28,Inpatient,3,3,5,35,4,4,Yes,Clean and hygienic
SUR-0152,Sunrise North,Lab,2023-03-13,Outpatient,2,2,5,120,5,5,No,Billing process confusing
SUR-0153,Sunrise Main Campus,Surgery,2023-08-16,Outpatient,5,5,3,90,3,1,No,Clean and hygienic
SUR-0154,Sunrise North,Surgery,2024-06-10,Outpatient,5,3,4,28,5,5,Yes,Doctors were attentive
SUR-0155,Sunrise Main Campus,OPD,2024-10-13,Inpatient,4,2,4,137,4,3,Yes,Excellent care received
SUR-0156,Sunrise South,Cardiology,2023-11-01,Emergency,3,4,5,152,4,5,Maybe,
SUR-0157,Sunrise North,Pharmacy,2024-04-05,Emergency,5,3,2,72,4,4,No,Long waiting time
SUR-0158,Sunrise East,Lab,2023-04-22,Outpatient,4,3,4,133,2,2,Yes,Billing process confusing
SUR-0159,Sunrise Main Campus,Pharmacy,2024-05-03,Emergency,2,1,2,14,1,2,Yes,
SUR-0160,Sunrise Main Campus,Surgery,2024-07-29,Emergency,5,4,2,11,4,1,Yes,Staff was very helpful
SUR-0161,Sunrise North,Emergency,2024-12-12,Emergency,5,2,5,57,5,5,Yes,Doctors were attentive
SUR-0162,Sunrise Main Campus,Radiology,2024-10-27,Emergency,2,5,2,145,1,1,Maybe,Very professional staff
SUR-0163,Sunrise North,Lab,2024-04-14,Inpatient,3,1,1,21,1,3,Yes,
SUR-0164,Sunrise North,Emergency,2023-03-03,Inpatient,2,3,3,56,4,2,Maybe,Could improve response time
SUR-0165,Sunrise South,IPD,2024-09-16,Emergency,2,2,1,17,5,2,No,
SUR-0166,Sunrise Main Campus,Radiology,2023-05-24,Inpatient,1,2,3,55,3,5,Yes,Doctors were attentive
SUR-0167,Sunrise South,Emergency,2023-12-18,Emergency,3,3,2,175,4,1,Yes,Could improve response time
SUR-0168,Sunrise Main Campus,Surgery,2023-10-29,Emergency,4,3,3,75,5,2,Yes,Could improve response time
SUR-0169,Sunrise Main Campus,Lab,2024-04-26,Inpatient,5,2,5,73,2,3,No,Billing process confusing
SUR-0170,Sunrise East,Radiology,2023-07-26,Emergency,4,4,4,41,5,1,Yes,Doctors were attentive
SUR-0171,Sunrise East,Emergency,2024-02-08,Outpatient,1,2,3,22,5,1,Yes,Excellent care received
SUR-0172,Sunrise Main Campus,Emergency,2023-01-09,Emergency,4,3,4,28,2,3,Maybe,
SUR-0173,Sunrise East,Orthopaedics,2023-03-07,Outpatient,4,5,3,42,1,4,Yes,Could improve response time
SUR-0174,Sunrise North,IPD,2023-10-08,Outpatient,1,3,2,53,1,1,Yes,Staff was very helpful
SUR-0175,Sunrise South,Lab,2024-04-05,Inpatient,1,1,3,140,3,5,Maybe,Doctors were attentive
SUR-0176,Sunrise East,IPD,2023-05-14,Outpatient,3,3,4,131,3,4,Yes,
SUR-0177,Sunrise North,OPD,2023-12-14,Emergency,1,4,2,68,5,4,Yes,Doctors were attentive
SUR-0178,Sunrise Main Campus,OPD,2023-02-26,Emergency,5,3,5,119,3,1,No,
SUR-0179,Sunrise North,Lab,2024-08-01,Emergency,3,4,1,114,4,3,No,Doctors were attentive
SUR-0180,Sunrise Main Campus,IPD,2024-12-02,Emergency,3,2,2,52,5,2,Yes,
SUR-0181,Sunrise North,Pharmacy,2024-10-11,Outpatient,4,2,5,14,5,3,Yes,
SUR-0182,Sunrise South,Lab,2024-11-04,Emergency,5,2,5,38,3,1,Yes,
SUR-0183,Sunrise East,Orthopaedics,2023-07-20,Inpatient,1,2,1,52,2,2,Maybe,Long waiting time
SUR-0184,Sunrise North,Emergency,2024-08-03,Emergency,1,5,1,77,2,2,Yes,Billing process confusing
SUR-0185,Sunrise East,Lab,2024-10-13,Outpatient,5,5,2,39,5,2,No,
SUR-0186,Sunrise North,Surgery,2024-05-10,Outpatient,5,1,1,68,4,1,Maybe,Staff was very helpful
SUR-0187,Sunrise North,Emergency,2024-12-16,Inpatient,4,3,3,166,3,4,No,Very professional staff
SUR-0188,Sunrise East,Pharmacy,2023-12-02,Emergency,2,3,3,93,2,1,Yes,Billing process confusing
SUR-0189,Sunrise Main Campus,Orthopaedics,2023-06-22,Outpatient,4,2,4,106,4,2,Yes,Billing process confusing
SUR-0190,Sunrise East,Cardiology,2023-04-23,Emergency,4,5,3,140,5,1,Yes,Very professional staff
SUR-0191,Sunrise South,IPD,2024-11-05,Emergency,3,4,3,44,1,4,Yes,Clean and hygienic
SUR-0192,Sunrise East,Lab,2023-04-14,Inpatient,5,3,3,137,3,4,Maybe,
SUR-0193,Sunrise North,OPD,2024-01-16,Emergency,3,5,4,143,4,5,Yes,Excellent care received
SUR-0194,Sunrise South,IPD,2024-06-20,Outpatient,1,4,1,162,2,3,No,
SUR-0195,Sunrise North,IPD,2024-01-14,Emergency,3,1,1,62,2,1,No,Long waiting time
SUR-0196,Sunrise North,Emergency,2023-10-25,Inpatient,1,5,4,170,1,2,Yes,
SUR-0197,Sunrise Main Campus,Surgery,2024-01-20,Emergency,3,3,2,92,3,3,Yes,Billing process confusing
SUR-0198,Sunrise North,IPD,2023-11-27,Outpatient,4,5,4,133,5,1,Yes,Billing process confusing
SUR-0199,Sunrise North,Surgery,2024-02-18,Inpatient,4,2,3,93,1,2,Yes,
SUR-0200,Sunrise Main Campus,Radiology,2023-11-01,Inpatient,3,4,3,177,4,3,Maybe,Clean and hygienic
SUR-0201,Sunrise Main Campus,IPD,2024-09-28,Emergency,5,1,5,104,5,1,Maybe,
SUR-0202,Sunrise Main Campus,OPD,2023-12-30,Outpatient,3,2,3,57,1,4,Yes,
SUR-0203,Sunrise East,Lab,2023-10-11,Emergency,1,4,5,109,1,5,Yes,
SUR-0204,Sunrise South,Surgery,2023-02-18,Inpatient,2,2,3,119,3,1,Yes,Could improve response time
SUR-0205,Sunrise East,Orthopaedics,2023-01-13,Emergency,3,5,1,61,2,2,Yes,Doctors were attentive
SUR-0206,Sunrise East,Pharmacy,2023-09-01,Inpatient,2,1,4,108,1,5,Yes,
SUR-0207,Sunrise East,Pharmacy,2024-06-02,Emergency,3,3,1,172,2,5,Yes,Clean and hygienic
SUR-0208,Sunrise South,Radiology,2024-03-02,Outpatient,1,5,1,109,5,3,Yes,Billing process confusing
SUR-0209,Sunrise Main Campus,Surgery,2023-11-12,Emergency,1,3,5,112,1,3,Yes,
SUR-0210,Sunrise South,Surgery,2023-07-19,Outpatient,2,1,1,123,3,5,Yes,Long waiting time
SUR-0211,Sunrise North,Pharmacy,2023-05-05,Inpatient,5,2,5,58,5,1,Yes,Clean and hygienic
SUR-0212,Sunrise Main Campus,Lab,2024-05-01,Emergency,2,2,3,152,3,2,Yes,
SUR-0213,Sunrise South,Pharmacy,2023-12-10,Emergency,3,1,4,63,5,5,Maybe,Excellent care received
SUR-0214,Sunrise Main Campus,Lab,2024-05-12,Inpatient,5,3,2,106,4,5,No,Very professional staff
SUR-0215,Sunrise Main Campus,Cardiology,2023-12-16,Inpatient,1,3,2,10,2,1,No,Staff was very helpful
SUR-0216,Sunrise Main Campus,Surgery,2023-05-03,Emergency,2,1,3,33,5,1,Yes,Staff was very helpful
SUR-0217,Sunrise Main Campus,IPD,2023-01-17,Inpatient,3,2,5,171,4,4,Yes,Very professional staff
SUR-0218,Sunrise North,Lab,2023-09-18,Inpatient,1,4,2,76,2,2,No,Doctors were attentive
SUR-0219,Sunrise North,Surgery,2024-06-08,Outpatient,1,4,3,180,1,3,Yes,Doctors were attentive
SUR-0220,Sunrise Main Campus,Radiology,2023-03-25,Emergency,5,2,3,176,5,3,No,Very professional staff
SUR-0221,Sunrise South,Lab,2024-11-26,Outpatient,1,1,4,174,2,2,No,Long waiting time
SUR-0222,Sunrise Main Campus,Pharmacy,2024-02-21,Inpatient,1,1,5,170,4,4,Yes,
SUR-0223,Sunrise East,Emergency,2024-03-24,Inpatient,5,3,4,63,3,3,Yes,Doctors were attentive
SUR-0224,Sunrise East,Cardiology,2024-09-08,Emergency,4,1,2,27,3,2,No,Staff was very helpful
SUR-0225,Sunrise South,OPD,2023-06-29,Outpatient,2,4,2,175,4,4,Yes,
SUR-0226,Sunrise North,Lab,2023-11-05,Inpatient,4,1,1,141,2,1,Maybe,Doctors were attentive
SUR-0227,Sunrise North,Radiology,2023-06-29,Emergency,1,3,3,126,4,4,Yes,Excellent care received
SUR-0228,Sunrise North,Cardiology,2024-01-26,Inpatient,2,3,3,102,1,1,Yes,Billing process confusing
SUR-0229,Sunrise East,Radiology,2023-07-02,Emergency,5,3,2,160,2,5,Yes,Excellent care received
SUR-0230,Sunrise North,Emergency,2023-10-09,Emergency,5,3,3,44,1,4,Yes,Could improve response time
SUR-0231,Sunrise Main Campus,Lab,2023-02-07,Outpatient,2,5,2,48,3,2,Yes,
SUR-0232,Sunrise North,OPD,2023-11-15,Emergency,4,1,1,81,5,5,Maybe,Staff was very helpful
SUR-0233,Sunrise North,Pharmacy,2024-04-24,Outpatient,2,4,4,34,3,2,Yes,Clean and hygienic
SUR-0234,Sunrise North,IPD,2024-07-26,Outpatient,5,1,3,154,2,5,Yes,Clean and hygienic
SUR-0235,Sunrise South,Surgery,2024-06-21,Outpatient,3,2,3,139,2,5,No,
SUR-0236,Sunrise Main Campus,Radiology,2023-02-02,Outpatient,5,3,5,33,4,4,Maybe,Long waiting time
SUR-0237,Sunrise East,Pharmacy,2023-09-07,Outpatient,2,5,5,30,4,1,Yes,Long waiting time
SUR-0238,Sunrise East,Orthopaedics,2024-07-31,Inpatient,1,2,2,113,1,3,Maybe,
SUR-0239,Sunrise North,IPD,2024-06-01,Outpatient,4,3,3,34,2,3,No,Long waiting time
SUR-0240,Sunrise East,Orthopaedics,2024-09-02,Inpatient,3,2,1,138,4,3,Yes,
SUR-0241,Sunrise North,Surgery,2024-06-07,Inpatient,2,5,1,45,2,4,Yes,Long waiting time
SUR-0242,Sunrise South,OPD,2023-08-12,Outpatient,1,5,1,109,1,4,Yes,Billing process confusing
SUR-0243,Sunrise South,Lab,2023-01-30,Outpatient,2,2,5,42,3,1,Maybe,Billing process confusing
SUR-0244,Sunrise North,Lab,2023-01-10,Outpatient,5,5,4,122,5,5,Yes,Doctors were attentive
SUR-0245,Sunrise North,Orthopaedics,2024-06-20,Emergency,1,4,5,78,4,3,Yes,Staff was very helpful
SUR-0246,Sunrise South,Orthopaedics,2024-10-19,Outpatient,3,2,3,69,1,4,Yes,Long waiting time
SUR-0247,Sunrise South,Emergency,2024-07-26,Emergency,1,5,2,148,2,2,Yes,Staff was very helpful
SUR-0248,Sunrise East,Pharmacy,2023-07-26,Inpatient,2,3,5,101,3,3,Yes,Could improve response time
SUR-0249,Sunrise East,Emergency,2023-11-13,Emergency,1,3,2,177,2,4,Yes,
SUR-0250,Sunrise North,Emergency,2024-05-21,Inpatient,5,5,3,109,3,1,Yes,Excellent care received
SUR-0251,Sunrise Main Campus,Surgery,2023-11-17,Outpatient,1,5,2,33,1,1,Maybe,Billing process confusing
SUR-0252,Sunrise East,Surgery,2023-07-07,Inpatient,1,4,2,118,5,4,Yes,
SUR-0253,Sunrise East,Cardiology,2023-08-06,Emergency,4,5,1,34,5,1,No,Excellent care received
SUR-0254,Sunrise North,Pharmacy,2024-07-03,Inpatient,1,2,4,7,5,4,No,Billing process confusing
SUR-0255,Sunrise East,Cardiology,2024-06-28,Emergency,1,4,5,154,1,5,Maybe,Long waiting time
SUR-0256,Sunrise East,OPD,2023-02-22,Outpatient,3,5,5,54,3,1,Yes,
SUR-0257,Sunrise South,Cardiology,2023-02-11,Outpatient,4,3,2,168,1,5,Yes,
SUR-0258,Sunrise North,Surgery,2024-02-02,Outpatient,2,2,2,134,3,5,Yes,Doctors were attentive
SUR-0259,Sunrise South,Pharmacy,2024-01-20,Inpatient,1,1,5,106,2,1,Maybe,Excellent care received
SUR-0260,Sunrise South,IPD,2023-04-23,Inpatient,4,5,3,17,5,2,No,Clean and hygienic
SUR-0261,Sunrise North,Pharmacy,2024-07-02,Outpatient,2,4,4,46,5,1,Yes,Billing process confusing
SUR-0262,Sunrise South,Surgery,2023-04-05,Inpatient,3,1,4,33,2,5,No,Very professional staff
SUR-0263,Sunrise South,Surgery,2024-03-18,Outpatient,1,3,4,69,3,2,Maybe,
SUR-0264,Sunrise East,Pharmacy,2024-01-06,Outpatient,4,4,5,18,1,3,Yes,
SUR-0265,Sunrise North,Surgery,2024-08-20,Inpatient,5,3,2,34,2,2,Yes,
SUR-0266,Sunrise Main Campus,Orthopaedics,2024-08-29,Emergency,3,5,3,35,5,2,No,Very professional staff
SUR-0267,Sunrise East,IPD,2024-02-20,Inpatient,4,3,4,19,3,5,Yes,Clean and hygienic
SUR-0268,Sunrise North,IPD,2023-09-25,Emergency,4,1,5,98,1,3,No,Could improve response time
SUR-0269,Sunrise East,Surgery,2024-08-14,Inpatient,3,3,5,175,1,5,Yes,Excellent care received
SUR-0270,Sunrise Main Campus,Lab,2023-01-15,Outpatient,3,3,5,16,2,3,Yes,
SUR-0271,Sunrise East,IPD,2024-04-22,Outpatient,5,5,2,84,3,4,No,Billing process confusing
SUR-0272,Sunrise Main Campus,Pharmacy,2024-07-14,Inpatient,2,1,3,6,5,3,Yes,
SUR-0273,Sunrise North,Surgery,2024-02-13,Inpatient,5,1,1,155,4,3,No,Could improve response time
SUR-0274,Sunrise Main Campus,Emergency,2024-06-03,Outpatient,5,1,4,180,3,3,Maybe,Excellent care received
SUR-0275,Sunrise East,Lab,2023-08-28,Outpatient,4,2,1,94,5,1,Yes,Very professional staff
SUR-0276,Sunrise East,OPD,2023-12-09,Emergency,4,3,3,98,5,2,Yes,Staff was very helpful
SUR-0277,Sunrise North,Orthopaedics,2024-11-08,Outpatient,5,3,2,93,3,4,Maybe,Clean and hygienic
SUR-0278,Sunrise North,Emergency,2024-08-29,Inpatient,1,3,3,26,1,3,Yes,Excellent care received
SUR-0279,Sunrise East,Radiology,2024-02-15,Outpatient,1,1,4,7,4,4,Yes,
SUR-0280,Sunrise Main Campus,IPD,2023-04-08,Outpatient,2,1,3,124,5,4,Yes,Long waiting time
SUR-0281,Sunrise East,Cardiology,2024-01-07,Inpatient,4,1,4,70,1,1,Yes,Could improve response time
SUR-0282,Sunrise Main Campus,Pharmacy,2023-02-24,Inpatient,1,4,1,150,5,3,No,
SUR-0283,Sunrise Main Campus,Pharmacy,2024-07-08,Outpatient,2,5,4,126,5,3,Maybe,Very professional staff
SUR-0284,Sunrise Main Campus,Pharmacy,2023-01-27,Emergency,5,2,4,49,3,4,Yes,Clean and hygienic
SUR-0285,Sunrise South,Emergency,2024-12-27,Outpatient,3,1,1,59,3,2,Maybe,Could improve response time
SUR-0286,Sunrise South,OPD,2024-11-25,Emergency,3,3,5,87,4,3,Yes,Clean and hygienic
SUR-0287,Sunrise East,Radiology,2024-04-19,Emergency,3,4,3,27,4,1,Yes,Doctors were attentive
SUR-0288,Sunrise North,Lab,2024-08-05,Outpatient,5,1,5,97,2,1,No,Doctors were attentive
SUR-0289,Sunrise East,OPD,2023-04-10,Emergency,5,4,1,36,1,2,Yes,Could improve response time
SUR-0290,Sunrise East,Radiology,2024-10-16,Inpatient,2,1,5,166,2,5,No,Very professional staff
SUR-0291,Sunrise Main Campus,Orthopaedics,2024-09-24,Inpatient,2,5,3,94,2,1,Yes,Clean and hygienic
SUR-0292,Sunrise North,Cardiology,2023-01-14,Inpatient,2,2,4,160,3,3,Yes,Long waiting time
SUR-0293,Sunrise Main Campus,Orthopaedics,2023-09-25,Emergency,1,5,2,6,5,1,Yes,Could improve response time
SUR-0294,Sunrise North,OPD,2024-04-18,Outpatient,1,3,4,51,1,5,Yes,Excellent care received
SUR-0295,Sunrise South,OPD,2024-12-01,Emergency,3,3,2,31,5,5,Maybe,Clean and hygienic
SUR-0296,Sunrise North,OPD,2023-09-25,Inpatient,1,3,5,151,3,5,Yes,
SUR-0297,Sunrise North,Orthopaedics,2024-12-05,Emergency,2,5,3,101,4,4,Maybe,Billing process confusing
SUR-0298,Sunrise Main Campus,IPD,2023-02-18,Emergency,2,5,3,32,5,3,Maybe,Staff was very helpful
SUR-0299,Sunrise East,Cardiology,2024-02-12,Outpatient,5,1,4,125,1,2,No,
SUR-0300,Sunrise North,Cardiology,2023-11-10,Outpatient,1,1,3,159,2,2,Yes,Doctors were attentive
SUR-0301,Sunrise Main Campus,Pharmacy,2023-12-18,Inpatient,3,4,2,177,1,4,Yes,Very professional staff
SUR-0302,Sunrise East,Emergency,2023-08-29,Inpatient,4,5,2,109,3,1,Maybe,
SUR-0303,Sunrise Main Campus,IPD,2024-01-12,Outpatient,2,3,5,18,1,4,No,Very professional staff
SUR-0304,Sunrise East,IPD,2023-01-11,Outpatient,1,1,1,151,4,1,Yes,Long waiting time
SUR-0305,Sunrise East,Orthopaedics,2024-03-08,Emergency,1,1,3,32,2,3,Yes,
SUR-0306,Sunrise North,Surgery,2024-12-26,Emergency,5,5,5,17,2,3,Yes,Could improve response time
SUR-0307,Sunrise East,Surgery,2024-10-03,Inpatient,2,4,5,118,3,1,No,Long waiting time
SUR-0308,Sunrise East,Orthopaedics,2023-06-09,Outpatient,5,3,3,20,1,4,No,Doctors were attentive
SUR-0309,Sunrise South,OPD,2023-05-03,Outpatient,3,1,3,32,1,3,No,Long waiting time
SUR-0310,Sunrise North,Surgery,2023-09-24,Emergency,4,1,3,8,5,5,Yes,Doctors were attentive
SUR-0311,Sunrise South,OPD,2023-08-02,Inpatient,1,1,2,130,2,2,Yes,Billing process confusing
SUR-0312,Sunrise Main Campus,Surgery,2023-10-11,Outpatient,4,4,3,141,2,4,No,Excellent care received
SUR-0313,Sunrise North,Radiology,2024-04-23,Outpatient,4,2,2,115,4,2,Maybe,Excellent care received
SUR-0314,Sunrise North,Surgery,2023-11-07,Outpatient,5,5,5,98,3,5,Yes,Billing process confusing
SUR-0315,Sunrise East,Orthopaedics,2023-03-23,Inpatient,2,3,4,55,4,1,Yes,Billing process confusing
SUR-0316,Sunrise Main Campus,IPD,2023-07-31,Outpatient,4,4,2,112,4,4,No,Billing process confusing
SUR-0317,Sunrise South,IPD,2024-09-24,Inpatient,2,1,1,38,1,2,Yes,Clean and hygienic
SUR-0318,Sunrise North,OPD,2024-03-28,Outpatient,2,4,5,163,5,5,No,
SUR-0319,Sunrise South,Radiology,2024-12-04,Outpatient,1,3,5,42,1,2,Yes,Long waiting time
SUR-0320,Sunrise East,IPD,2024-01-24,Inpatient,1,2,3,63,1,2,No,
SUR-0321,Sunrise Main Campus,Radiology,2023-08-06,Outpatient,1,1,4,164,1,3,No,Excellent care received
SUR-0322,Sunrise South,Radiology,2024-10-28,Outpatient,5,1,5,65,2,2,Yes,Doctors were attentive
SUR-0323,Sunrise East,Emergency,2024-03-24,Emergency,1,4,2,179,4,4,Maybe,Doctors were attentive
SUR-0324,Sunrise Main Campus,IPD,2024-05-16,Outpatient,2,4,2,174,3,4,Maybe,Very professional staff
SUR-0325,Sunrise South,Orthopaedics,2024-03-08,Emergency,1,4,2,101,1,3,Yes,Staff was very helpful
SUR-0326,Sunrise North,Cardiology,2023-06-02,Emergency,3,3,5,86,3,1,Maybe,Staff was very helpful
SUR-0327,Sunrise North,Radiology,2023-10-07,Outpatient,1,4,2,10,1,4,Yes,
SUR-0328,Sunrise North,OPD,2024-08-11,Outpatient,5,4,3,35,1,4,Yes,Billing process confusing
SUR-0329,Sunrise North,IPD,2023-05-25,Emergency,3,3,5,40,2,2,Yes,Clean and hygienic
SUR-0330,Sunrise North,Cardiology,2023-01-16,Inpatient,3,1,2,106,3,2,Maybe,Excellent care received
SUR-0331,Sunrise Main Campus,Cardiology,2023-04-04,Inpatient,3,2,4,94,1,2,No,
SUR-0332,Sunrise East,Emergency,2024-04-27,Outpatient,4,5,5,35,5,1,Yes,Billing process confusing
SUR-0333,Sunrise Main Campus,Radiology,2023-08-23,Outpatient,3,1,4,110,4,3,Yes,
SUR-0334,Sunrise South,Surgery,2024-05-02,Inpatient,4,4,5,180,2,2,Yes,
SUR-0335,Sunrise South,Pharmacy,2023-11-27,Outpatient,4,5,1,126,2,3,Maybe,
SUR-0336,Sunrise Main Campus,Surgery,2023-04-06,Outpatient,3,2,1,176,2,3,Yes,
SUR-0337,Sunrise East,Emergency,2023-11-18,Outpatient,2,1,4,119,5,5,Yes,Very professional staff
SUR-0338,Sunrise South,Orthopaedics,2023-11-26,Emergency,2,5,5,18,1,5,Yes,
SUR-0339,Sunrise South,Cardiology,2023-12-29,Emergency,4,3,4,106,1,3,Yes,
SUR-0340,Sunrise East,Pharmacy,2023-10-18,Outpatient,3,3,4,89,2,5,No,Could improve response time
SUR-0341,Sunrise East,Cardiology,2024-06-07,Inpatient,2,4,1,117,2,3,Yes,Billing process confusing
SUR-0342,Sunrise North,Emergency,2024-12-24,Inpatient,1,5,1,16,5,4,No,
SUR-0343,Sunrise East,OPD,2024-12-19,Emergency,5,1,4,73,2,4,No,Excellent care received
SUR-0344,Sunrise Main Campus,Cardiology,2024-11-25,Emergency,4,4,5,115,3,5,Yes,Billing process confusing
SUR-0345,Sunrise North,Emergency,2023-03-29,Outpatient,5,2,3,31,3,2,Maybe,Billing process confusing
SUR-0346,Sunrise South,Orthopaedics,2023-08-15,Inpatient,1,4,1,156,4,4,Yes,
SUR-0347,Sunrise East,Radiology,2023-01-24,Emergency,1,5,2,49,1,5,Yes,
SUR-0348,Sunrise Main Campus,Orthopaedics,2024-11-17,Emergency,1,4,2,72,4,4,No,Clean and hygienic
SUR-0349,Sunrise East,Radiology,2023-11-27,Emergency,2,3,2,111,3,4,Yes,Billing process confusing
SUR-0350,Sunrise Main Campus,Radiology,2023-10-15,Emergency,2,4,2,167,4,4,Yes,Staff was very helpful
SUR-0351,Sunrise North,Pharmacy,2024-05-27,Outpatient,2,3,5,17,1,2,Yes,Clean and hygienic
SUR-0352,Sunrise South,Cardiology,2023-02-08,Outpatient,2,5,5,86,4,4,No,Staff was very helpful
SUR-0353,Sunrise North,Radiology,2024-04-20,Outpatient,5,1,4,24,3,4,Yes,Very professional staff
SUR-0354,Sunrise East,Orthopaedics,2023-05-30,Emergency,4,4,1,155,3,3,Yes,Doctors were attentive
SUR-0355,Sunrise East,Emergency,2024-07-09,Outpatient,1,2,5,32,4,3,Maybe,
SUR-0356,Sunrise South,Surgery,2023-11-21,Outpatient,1,5,1,84,1,1,No,Excellent care received
SUR-0357,Sunrise East,Cardiology,2023-02-28,Emergency,4,5,1,98,3,3,Yes,Clean and hygienic
SUR-0358,Sunrise Main Campus,Surgery,2023-01-29,Inpatient,3,4,2,179,2,2,Yes,
SUR-0359,Sunrise East,IPD,2024-01-25,Outpatient,1,1,2,121,5,4,Yes,Very professional staff
SUR-0360,Sunrise North,Cardiology,2024-04-11,Emergency,3,5,2,95,3,1,Maybe,Long waiting time
SUR-0361,Sunrise Main Campus,Pharmacy,2023-03-07,Outpatient,1,2,4,89,4,1,Maybe,Long waiting time
SUR-0362,Sunrise South,OPD,2023-12-21,Outpatient,3,5,1,130,1,2,Yes,
SUR-0363,Sunrise Main Campus,Cardiology,2023-07-08,Outpatient,5,1,4,167,5,3,Yes,Long waiting time
SUR-0364,Sunrise Main Campus,Cardiology,2023-10-15,Inpatient,3,4,2,56,2,1,Yes,Billing process confusing
SUR-0365,Sunrise Main Campus,Orthopaedics,2023-11-01,Emergency,5,4,4,7,3,2,Yes,
SUR-0366,Sunrise South,Orthopaedics,2024-12-05,Inpatient,5,1,1,123,4,2,Yes,
SUR-0367,Sunrise East,Cardiology,2024-04-23,Inpatient,5,2,2,160,4,1,Yes,
SUR-0368,Sunrise Main Campus,Cardiology,2023-06-23,Outpatient,2,4,1,97,5,2,Maybe,
SUR-0369,Sunrise Main Campus,Emergency,2024-09-28,Inpatient,1,4,2,123,3,2,No,Clean and hygienic
SUR-0370,Sunrise Main Campus,Surgery,2024-12-13,Inpatient,1,1,1,71,2,4,Maybe,
SUR-0371,Sunrise East,Emergency,2024-12-21,Outpatient,4,5,2,42,1,2,Yes,Very professional staff
SUR-0372,Sunrise South,Cardiology,2023-09-30,Inpatient,4,2,5,138,1,5,Yes,Could improve response time
SUR-0373,Sunrise Main Campus,Lab,2023-04-01,Outpatient,1,1,3,14,3,2,No,
SUR-0374,Sunrise East,IPD,2024-01-25,Inpatient,5,5,4,94,3,4,Yes,
SUR-0375,Sunrise East,Surgery,2024-03-25,Inpatient,2,5,3,139,1,5,Maybe,Staff was very helpful
SUR-0376,Sunrise South,Emergency,2023-12-07,Outpatient,5,3,4,11,4,5,Maybe,Could improve response time
SUR-0377,Sunrise Main Campus,IPD,2024-04-10,Inpatient,1,5,2,68,1,5,Yes,Clean and hygienic
SUR-0378,Sunrise East,IPD,2024-07-07,Outpatient,5,3,2,177,2,5,Maybe,
SUR-0379,Sunrise South,IPD,2024-11-30,Inpatient,4,2,3,51,1,3,Yes,Excellent care received
SUR-0380,Sunrise Main Campus,IPD,2024-03-07,Outpatient,1,1,3,102,3,1,Yes,Billing process confusing
SUR-0381,Sunrise Main Campus,Cardiology,2023-12-23,Emergency,1,2,3,159,1,2,Yes,Doctors were attentive
SUR-0382,Sunrise East,IPD,2023-11-16,Emergency,5,5,3,154,4,1,No,Very professional staff
SUR-0383,Sunrise North,Lab,2024-01-23,Inpatient,5,3,5,88,1,4,Yes,Excellent care received
SUR-0384,Sunrise Main Campus,IPD,2023-10-15,Outpatient,1,3,5,79,3,5,Yes,Could improve response time
SUR-0385,Sunrise North,Orthopaedics,2023-12-30,Inpatient,2,4,4,54,5,5,Yes,
SUR-0386,Sunrise East,Emergency,2023-04-03,Emergency,1,5,2,36,2,2,Yes,
SUR-0387,Sunrise South,Lab,2023-06-19,Outpatient,1,2,1,143,3,5,Yes,Very professional staff
SUR-0388,Sunrise South,Cardiology,2024-08-02,Outpatient,3,3,4,53,5,4,Maybe,Clean and hygienic
SUR-0389,Sunrise Main Campus,OPD,2024-10-30,Outpatient,5,2,1,44,4,2,Maybe,Long waiting time
SUR-0390,Sunrise East,Lab,2023-01-12,Outpatient,5,5,1,71,4,3,Yes,Excellent care received
SUR-0391,Sunrise North,Cardiology,2024-04-03,Emergency,2,2,5,91,4,3,No,Could improve response time
SUR-0392,Sunrise Main Campus,IPD,2024-11-24,Outpatient,3,4,5,140,2,1,No,Staff was very helpful
SUR-0393,Sunrise North,OPD,2024-06-08,Inpatient,5,2,5,101,1,5,No,Doctors were attentive
SUR-0394,Sunrise East,Orthopaedics,2024-04-01,Inpatient,1,2,4,108,1,1,Yes,
SUR-0395,Sunrise South,Lab,2024-02-08,Emergency,3,4,3,120,2,3,No,Clean and hygienic
SUR-0396,Sunrise North,Cardiology,2024-12-11,Inpatient,5,3,5,45,5,2,Yes,Doctors were attentive
SUR-0397,Sunrise East,Emergency,2024-05-09,Inpatient,3,4,3,161,1,1,Yes,Could improve response time
SUR-0398,Sunrise South,Emergency,2023-10-04,Emergency,3,2,3,142,4,3,Maybe,Could improve response time
SUR-0399,Sunrise South,OPD,2023-05-30,Outpatient,5,5,4,13,4,4,Yes,Staff was very helpful
SUR-0400,Sunrise East,Pharmacy,2024-03-16,Inpatient,3,5,1,25,5,4,Yes,
SUR-0401,Sunrise East,Surgery,2024-01-09,Outpatient,2,3,1,9,1,3,Yes,Excellent care received
SUR-0402,Sunrise North,Surgery,2023-10-27,Inpatient,5,3,5,179,3,3,Yes,Billing process confusing
SUR-0403,Sunrise East,Emergency,2023-03-28,Emergency,4,2,2,31,1,3,No,Very professional staff
SUR-0404,Sunrise South,IPD,2023-05-31,Outpatient,2,3,1,110,5,4,No,Could improve response time
SUR-0405,Sunrise East,Radiology,2024-04-06,Emergency,1,3,3,137,1,3,Yes,Very professional staff
SUR-0406,Sunrise North,Emergency,2023-08-28,Emergency,1,2,3,134,2,3,Yes,Excellent care received
SUR-0407,Sunrise Main Campus,IPD,2024-05-24,Emergency,3,1,1,99,2,5,Yes,Could improve response time
SUR-0408,Sunrise North,Pharmacy,2023-09-08,Outpatient,4,5,2,25,3,1,Yes,Long waiting time
SUR-0409,Sunrise East,Radiology,2023-03-13,Emergency,3,1,2,110,5,5,Yes,Very professional staff
SUR-0410,Sunrise South,OPD,2024-02-14,Inpatient,2,1,4,102,3,5,Maybe,Very professional staff
SUR-0411,Sunrise East,OPD,2024-06-04,Inpatient,2,1,4,19,1,5,Yes,Could improve response time
SUR-0412,Sunrise South,Lab,2023-04-12,Emergency,4,4,1,7,1,5,Maybe,
SUR-0413,Sunrise Main Campus,Radiology,2024-05-06,Outpatient,1,4,4,170,4,5,Yes,Doctors were attentive
SUR-0414,Sunrise Main Campus,Radiology,2023-12-01,Outpatient,1,3,2,153,5,5,Yes,
SUR-0415,Sunrise Main Campus,Pharmacy,2023-04-02,Inpatient,2,4,2,79,2,3,Yes,Long waiting time
SUR-0416,Sunrise South,IPD,2024-01-22,Emergency,4,4,2,35,2,2,Maybe,Very professional staff
SUR-0417,Sunrise North,Radiology,2023-01-06,Inpatient,3,4,5,95,4,1,Yes,Very professional staff
SUR-0418,Sunrise East,Cardiology,2024-10-14,Outpatient,1,3,3,99,2,3,No,Very professional staff
SUR-0419,Sunrise South,IPD,2024-01-29,Outpatient,3,4,4,118,1,3,Maybe,Doctors were attentive
SUR-0420,Sunrise Main Campus,IPD,2023-05-30,Inpatient,2,4,2,129,1,4,Yes,Long waiting time
SUR-0421,Sunrise South,Lab,2023-11-25,Outpatient,4,1,4,42,3,5,Yes,Long waiting time
SUR-0422,Sunrise Main Campus,Orthopaedics,2024-03-27,Emergency,4,1,4,153,1,2,Maybe,Doctors were attentive
SUR-0423,Sunrise North,Orthopaedics,2024-08-10,Inpatient,1,1,5,121,2,5,Yes,
SUR-0424,Sunrise Main Campus,Radiology,2023-07-31,Outpatient,4,1,2,92,3,5,Yes,Could improve response time
SUR-0425,Sunrise East,Lab,2024-09-27,Outpatient,3,3,2,67,2,5,Yes,Long waiting time
SUR-0426,Sunrise South,OPD,2024-08-09,Inpatient,5,5,2,69,2,1,Yes,Very professional staff
SUR-0427,Sunrise Main Campus,Cardiology,2023-04-27,Inpatient,2,2,3,138,5,5,Yes,Doctors were attentive
SUR-0428,Sunrise East,Surgery,2023-01-31,Outpatient,2,4,1,128,4,1,Yes,Excellent care received
SUR-0429,Sunrise South,Emergency,2024-12-25,Inpatient,1,5,2,115,3,4,Yes,Long waiting time
SUR-0430,Sunrise East,Orthopaedics,2023-05-11,Emergency,3,5,1,97,1,2,No,Billing process confusing
SUR-0431,Sunrise South,Radiology,2023-08-20,Outpatient,1,4,1,128,3,4,Yes,Long waiting time
SUR-0432,Sunrise South,Lab,2024-09-11,Inpatient,4,4,5,162,2,3,No,Could improve response time
SUR-0433,Sunrise East,Emergency,2024-12-12,Inpatient,4,5,5,52,2,2,Yes,
SUR-0434,Sunrise South,Radiology,2024-09-15,Emergency,3,4,3,35,1,4,Yes,
SUR-0435,Sunrise South,Surgery,2024-01-14,Emergency,4,1,2,167,3,4,No,
SUR-0436,Sunrise North,Emergency,2023-04-19,Outpatient,2,1,2,35,2,5,No,Staff was very helpful
SUR-0437,Sunrise North,Orthopaedics,2024-02-18,Inpatient,5,3,2,10,5,5,Yes,Clean and hygienic
SUR-0438,Sunrise Main Campus,Cardiology,2024-02-14,Inpatient,3,2,5,18,3,4,Yes,Very professional staff
SUR-0439,Sunrise North,Lab,2024-05-30,Outpatient,3,1,1,125,5,2,No,Clean and hygienic
SUR-0440,Sunrise South,IPD,2024-09-17,Inpatient,1,4,3,129,5,3,Yes,Very professional staff
SUR-0441,Sunrise East,Radiology,2023-02-10,Inpatient,3,2,3,118,4,2,No,Doctors were attentive
SUR-0442,Sunrise South,Lab,2024-09-20,Emergency,4,3,1,33,5,5,Yes,Could improve response time
SUR-0443,Sunrise South,Radiology,2024-12-13,Outpatient,3,5,1,153,5,2,Maybe,Very professional staff
SUR-0444,Sunrise Main Campus,Lab,2023-07-01,Emergency,1,2,2,77,5,1,Yes,Long waiting time
SUR-0445,Sunrise East,Lab,2024-05-14,Emergency,3,1,2,46,2,3,Maybe,Long waiting time
SUR-0446,Sunrise Main Campus,Pharmacy,2024-10-09,Outpatient,3,1,1,17,2,4,Yes,Doctors were attentive
SUR-0447,Sunrise North,OPD,2023-03-27,Outpatient,1,5,4,70,4,2,Maybe,Very professional staff
SUR-0448,Sunrise East,Surgery,2023-12-04,Emergency,1,5,4,101,2,5,Maybe,Long waiting time
SUR-0449,Sunrise North,Radiology,2023-05-17,Emergency,1,5,3,166,5,1,Yes,Could improve response time
SUR-0450,Sunrise Main Campus,Radiology,2024-11-12,Emergency,2,3,5,85,2,1,No,Doctors were attentive
SUR-0451,Sunrise South,Cardiology,2024-03-02,Emergency,1,5,2,152,5,5,Yes,Staff was very helpful
SUR-0452,Sunrise South,Cardiology,2024-10-22,Outpatient,1,4,2,136,4,3,Yes,Doctors were attentive
SUR-0453,Sunrise Main Campus,Surgery,2024-06-11,Inpatient,5,1,5,91,4,4,Yes,
SUR-0454,Sunrise South,OPD,2023-03-23,Emergency,3,5,5,48,1,4,No,
SUR-0455,Sunrise East,IPD,2024-11-22,Inpatient,2,2,4,111,5,1,Yes,
SUR-0456,Sunrise South,Pharmacy,2024-06-24,Emergency,4,5,3,23,2,4,Maybe,Very professional staff
SUR-0457,Sunrise East,Orthopaedics,2023-06-11,Outpatient,3,3,5,173,2,2,No,
SUR-0458,Sunrise North,Surgery,2023-12-28,Inpatient,3,5,3,140,2,3,Maybe,Could improve response time
SUR-0459,Sunrise East,Orthopaedics,2023-02-24,Outpatient,2,5,3,25,3,1,No,
SUR-0460,Sunrise Main Campus,Pharmacy,2024-01-02,Inpatient,4,2,5,173,4,4,Yes,
SUR-0461,Sunrise South,Cardiology,2024-12-02,Inpatient,3,3,3,149,1,5,No,
SUR-0462,Sunrise North,Pharmacy,2023-11-26,Inpatient,1,5,1,44,3,1,Yes,Excellent care received
SUR-0463,Sunrise North,IPD,2024-07-13,Outpatient,1,4,2,154,2,4,Maybe,
SUR-0464,Sunrise East,Pharmacy,2024-12-19,Emergency,1,1,1,63,1,1,Yes,Doctors were attentive
SUR-0465,Sunrise East,Surgery,2023-03-31,Emergency,5,4,3,9,1,3,Yes,Doctors were attentive
SUR-0466,Sunrise Main Campus,Orthopaedics,2024-02-15,Emergency,2,1,1,79,2,2,No,Doctors were attentive
SUR-0467,Sunrise South,Surgery,2023-02-19,Inpatient,5,4,5,116,3,4,Yes,Staff was very helpful
SUR-0468,Sunrise South,Pharmacy,2024-05-24,Outpatient,4,2,3,59,3,5,No,Could improve response time
SUR-0469,Sunrise East,Cardiology,2024-08-20,Outpatient,3,1,1,112,5,4,Yes,Doctors were attentive
SUR-0470,Sunrise South,Radiology,2023-05-29,Inpatient,4,3,2,180,3,1,Yes,Long waiting time
SUR-0471,Sunrise East,Cardiology,2023-06-01,Inpatient,4,3,1,127,4,3,Yes,
SUR-0472,Sunrise East,Orthopaedics,2023-04-19,Emergency,5,1,3,25,3,3,Yes,Could improve response time
SUR-0473,Sunrise South,Pharmacy,2024-12-09,Inpatient,2,1,5,33,3,5,Yes,Very professional staff
SUR-0474,Sunrise North,Surgery,2023-05-25,Inpatient,2,1,1,91,4,3,No,Billing process confusing
SUR-0475,Sunrise South,IPD,2023-01-30,Inpatient,3,3,2,150,3,4,Yes,Billing process confusing
SUR-0476,Sunrise North,OPD,2023-03-23,Outpatient,5,3,3,61,3,3,Yes,Billing process confusing
SUR-0477,Sunrise Main Campus,Lab,2024-07-12,Emergency,1,3,5,53,4,3,Yes,Long waiting time
SUR-0478,Sunrise East,Cardiology,2023-04-08,Outpatient,5,5,4,10,3,4,Yes,Doctors were attentive
SUR-0479,Sunrise North,Radiology,2023-10-22,Emergency,3,4,3,6,5,4,Yes,
SUR-0480,Sunrise South,IPD,2024-02-25,Emergency,3,3,3,129,4,3,Maybe,
SUR-0481,Sunrise Main Campus,Radiology,2023-03-13,Inpatient,4,5,5,27,5,1,Maybe,Long waiting time
SUR-0482,Sunrise South,Cardiology,2024-09-16,Inpatient,4,2,4,117,3,4,Yes,Long waiting time
SUR-0483,Sunrise North,Cardiology,2023-10-28,Inpatient,4,4,1,25,5,3,Maybe,Excellent care received
SUR-0484,Sunrise South,Surgery,2024-09-04,Inpatient,5,2,4,103,1,3,Maybe,Doctors were attentive
SUR-0485,Sunrise North,Emergency,2024-12-21,Outpatient,4,3,3,47,1,1,No,Staff was very helpful
SUR-0486,Sunrise South,Orthopaedics,2023-06-10,Emergency,1,3,2,5,3,3,Maybe,Long waiting time
SUR-0487,Sunrise Main Campus,Pharmacy,2024-04-29,Outpatient,4,5,1,142,2,2,No,Could improve response time
SUR-0488,Sunrise South,Surgery,2023-10-12,Emergency,5,5,2,49,5,3,Yes,Excellent care received
SUR-0489,Sunrise South,OPD,2023-12-30,Inpatient,1,5,5,57,2,2,Yes,Very professional staff
SUR-0490,Sunrise East,Cardiology,2024-05-31,Outpatient,1,4,4,50,2,2,No,Could improve response time
SUR-0491,Sunrise South,Lab,2024-07-03,Emergency,5,1,1,18,2,3,Yes,
SUR-0492,Sunrise South,Surgery,2023-09-23,Emergency,3,2,4,137,5,4,Yes,Staff was very helpful
SUR-0493,Sunrise Main Campus,Orthopaedics,2023-10-03,Outpatient,2,1,4,67,4,1,Yes,Very professional staff
SUR-0494,Sunrise Main Campus,Radiology,2023-10-03,Emergency,3,1,5,48,1,5,Yes,Billing process confusing
SUR-0495,Sunrise South,Cardiology,2023-02-08,Emergency,3,3,2,119,5,4,Yes,Could improve response time
SUR-0496,Sunrise East,Surgery,2024-11-22,Emergency,4,3,4,57,1,5,Maybe,Staff was very helpful
SUR-0497,Sunrise East,OPD,2024-07-05,Outpatient,3,2,3,95,2,4,No,Billing process confusing
SUR-0498,Sunrise South,Lab,2024-02-15,Inpatient,4,3,2,74,3,3,Maybe,Doctors were attentive
SUR-0499,Sunrise Main Campus,Surgery,2024-01-28,Emergency,4,1,5,174,2,2,No,
SUR-0500,Sunrise East,Orthopaedics,2023-02-04,Inpatient,2,3,1,12,5,1,Yes,Could improve response time
SUR-0501,Sunrise South,OPD,2024-07-22,Outpatient,1,4,5,147,1,1,Yes,
SUR-0502,Sunrise East,Cardiology,2024-07-31,Emergency,4,3,5,88,5,1,No,Long waiting time
SUR-0503,Sunrise East,IPD,2024-07-28,Emergency,5,3,4,121,3,4,Yes,Staff was very helpful
SUR-0504,Sunrise North,OPD,2023-06-01,Outpatient,3,5,4,53,2,1,Yes,Billing process confusing
SUR-0505,Sunrise South,Lab,2024-11-17,Inpatient,2,2,1,30,3,3,Yes,
SUR-0506,Sunrise East,OPD,2023-01-30,Inpatient,2,3,2,48,4,5,Yes,Doctors were attentive
SUR-0507,Sunrise East,Orthopaedics,2023-01-10,Inpatient,2,4,4,104,3,5,Yes,
SUR-0508,Sunrise North,OPD,2023-08-18,Inpatient,5,1,5,6,1,5,Yes,Doctors were attentive
SUR-0509,Sunrise South,OPD,2023-02-14,Emergency,4,2,2,35,1,5,Yes,Long waiting time
SUR-0510,Sunrise North,OPD,2023-03-10,Emergency,1,1,2,57,5,5,Maybe,
SUR-0511,Sunrise Main Campus,Radiology,2024-08-19,Outpatient,1,3,1,166,5,5,Yes,Long waiting time
SUR-0512,Sunrise South,Cardiology,2024-08-02,Inpatient,3,3,3,19,2,2,No,Doctors were attentive
SUR-0513,Sunrise South,Pharmacy,2024-08-31,Emergency,4,4,4,172,2,5,No,Doctors were attentive
SUR-0514,Sunrise South,IPD,2023-01-26,Inpatient,4,4,4,61,4,3,Yes,Very professional staff
SUR-0515,Sunrise North,Surgery,2024-03-12,Emergency,1,1,5,8,2,4,Yes,
SUR-0516,Sunrise North,Surgery,2023-07-26,Emergency,1,1,5,178,3,5,Maybe,
SUR-0517,Sunrise North,Orthopaedics,2023-03-26,Inpatient,1,5,5,108,3,4,Yes,Clean and hygienic
SUR-0518,Sunrise Main Campus,OPD,2024-08-31,Emergency,5,4,5,75,5,4,Yes,
SUR-0519,Sunrise East,OPD,2024-08-03,Outpatient,5,2,2,8,3,1,Yes,Could improve response time
SUR-0520,Sunrise North,Pharmacy,2023-09-09,Inpatient,3,4,5,58,1,3,Maybe,Very professional staff
SUR-0521,Sunrise East,IPD,2024-07-24,Inpatient,4,1,3,120,3,1,No,Could improve response time
SUR-0522,Sunrise North,OPD,2023-02-20,Outpatient,4,4,3,78,5,5,Yes,Clean and hygienic
SUR-0523,Sunrise South,IPD,2024-09-08,Emergency,4,1,1,50,5,3,No,Excellent care received
SUR-0524,Sunrise South,Cardiology,2023-05-25,Outpatient,4,2,2,70,3,4,No,Clean and hygienic
SUR-0525,Sunrise Main Campus,Emergency,2023-06-07,Emergency,5,3,3,51,4,5,Yes,
SUR-0526,Sunrise East,OPD,2023-07-25,Outpatient,3,2,1,52,1,3,Yes,Clean and hygienic
SUR-0527,Sunrise Main Campus,IPD,2023-11-21,Outpatient,1,5,4,143,5,5,Yes,Staff was very helpful
SUR-0528,Sunrise South,Cardiology,2024-12-25,Inpatient,5,4,5,127,3,4,Yes,Very professional staff
SUR-0529,Sunrise South,Lab,2024-05-12,Outpatient,1,4,3,122,1,1,Yes,Clean and hygienic
SUR-0530,Sunrise South,Radiology,2023-06-14,Outpatient,4,5,3,46,5,2,No,Clean and hygienic
SUR-0531,Sunrise North,OPD,2023-10-29,Emergency,4,1,4,32,2,1,Yes,Could improve response time
SUR-0532,Sunrise South,Orthopaedics,2023-12-15,Inpatient,5,5,4,27,4,5,Maybe,Long waiting time
SUR-0533,Sunrise North,Lab,2023-06-09,Emergency,5,4,5,21,4,1,Yes,Could improve response time
SUR-0534,Sunrise South,Lab,2023-12-30,Emergency,1,3,1,134,3,2,Yes,
SUR-0535,Sunrise South,Emergency,2024-11-18,Outpatient,1,5,1,140,2,3,Yes,Could improve response time
SUR-0536,Sunrise South,OPD,2023-07-13,Outpatient,2,3,3,98,1,3,Yes,Doctors were attentive
SUR-0537,Sunrise East,Orthopaedics,2024-12-20,Inpatient,5,1,1,164,1,5,Yes,
SUR-0538,Sunrise East,Lab,2023-03-14,Outpatient,1,1,3,87,1,2,Yes,Long waiting time
SUR-0539,Sunrise East,Surgery,2024-09-23,Outpatient,2,3,4,74,5,3,Yes,Long waiting time
SUR-0540,Sunrise Main Campus,Orthopaedics,2023-06-23,Inpatient,4,4,4,40,3,3,Yes,
SUR-0541,Sunrise East,Pharmacy,2023-01-30,Inpatient,2,5,2,119,3,3,No,Could improve response time
SUR-0542,Sunrise Main Campus,Pharmacy,2024-01-19,Outpatient,3,5,2,38,2,4,Yes,Long waiting time
SUR-0543,Sunrise South,Pharmacy,2023-11-10,Inpatient,5,4,1,102,3,2,Maybe,Excellent care received
SUR-0544,Sunrise South,Lab,2023-11-19,Outpatient,4,4,3,118,1,3,Maybe,Billing process confusing
SUR-0545,Sunrise North,OPD,2024-04-30,Outpatient,5,2,5,58,2,2,Yes,Clean and hygienic
SUR-0546,Sunrise South,Orthopaedics,2023-11-30,Emergency,4,2,4,133,3,5,No,
SUR-0547,Sunrise South,Orthopaedics,2024-12-17,Emergency,1,5,2,165,4,3,No,Clean and hygienic
SUR-0548,Sunrise South,OPD,2023-03-29,Inpatient,4,1,1,6,4,3,Yes,Staff was very helpful
SUR-0549,Sunrise Main Campus,Radiology,2023-01-02,Emergency,1,1,2,45,1,1,Maybe,
SUR-0550,Sunrise East,Radiology,2024-06-08,Emergency,4,2,3,90,5,3,Maybe,Clean and hygienic
SUR-0551,Sunrise North,Cardiology,2024-05-08,Emergency,3,3,3,128,5,2,Maybe,Billing process confusing
SUR-0552,Sunrise East,Surgery,2023-07-17,Emergency,3,5,2,80,3,3,No,Doctors were attentive
SUR-0553,Sunrise South,Emergency,2023-07-23,Inpatient,3,2,2,68,4,3,Yes,Doctors were attentive
SUR-0554,Sunrise East,Cardiology,2024-05-31,Emergency,1,1,5,173,4,2,Yes,Very professional staff
SUR-0555,Sunrise Main Campus,Lab,2023-02-09,Inpatient,2,4,4,165,3,1,Yes,
SUR-0556,Sunrise South,Radiology,2023-10-18,Outpatient,3,2,5,59,4,5,No,
SUR-0557,Sunrise East,Pharmacy,2023-03-08,Outpatient,3,3,3,91,4,5,Yes,Doctors were attentive
SUR-0558,Sunrise East,Pharmacy,2023-01-26,Emergency,3,5,5,71,4,5,Yes,Very professional staff
SUR-0559,Sunrise Main Campus,Pharmacy,2024-07-09,Inpatient,1,3,2,121,2,5,Yes,Clean and hygienic
SUR-0560,Sunrise North,Surgery,2024-09-10,Emergency,2,5,4,109,1,5,Yes,Billing process confusing
SUR-0561,Sunrise North,IPD,2023-08-20,Outpatient,2,2,3,70,4,1,Yes,
SUR-0562,Sunrise South,Radiology,2024-01-05,Emergency,3,4,2,105,3,5,Yes,Staff was very helpful
SUR-0563,Sunrise South,Orthopaedics,2024-03-13,Outpatient,2,1,3,27,3,4,No,
SUR-0564,Sunrise North,Radiology,2024-11-27,Outpatient,2,3,5,109,1,3,Yes,Could improve response time
SUR-0565,Sunrise Main Campus,IPD,2024-07-17,Outpatient,1,5,3,156,3,2,No,Excellent care received
SUR-0566,Sunrise North,Lab,2023-07-10,Inpatient,5,3,5,147,2,5,No,Could improve response time
SUR-0567,Sunrise Main Campus,Radiology,2024-06-12,Inpatient,3,2,2,18,3,1,No,
SUR-0568,Sunrise South,IPD,2024-08-18,Emergency,4,5,4,55,5,3,Maybe,Could improve response time
SUR-0569,Sunrise Main Campus,Pharmacy,2023-03-10,Emergency,4,3,5,48,5,5,Yes,Very professional staff
SUR-0570,Sunrise North,Orthopaedics,2024-11-11,Emergency,4,1,1,129,2,2,Yes,Long waiting time
SUR-0571,Sunrise North,Cardiology,2024-09-13,Emergency,4,1,5,113,1,5,Yes,Doctors were attentive
SUR-0572,Sunrise North,Surgery,2024-10-29,Outpatient,5,4,3,57,1,5,Maybe,Billing process confusing
SUR-0573,Sunrise South,Surgery,2024-03-15,Inpatient,2,1,5,154,3,2,No,Doctors were attentive
SUR-0574,Sunrise North,IPD,2024-08-10,Emergency,4,1,5,130,3,2,Yes,
SUR-0575,Sunrise East,OPD,2024-10-21,Emergency,5,4,4,67,4,4,No,Billing process confusing
SUR-0576,Sunrise South,Cardiology,2024-09-17,Emergency,5,5,2,167,4,2,Maybe,Billing process confusing
SUR-0577,Sunrise East,IPD,2024-01-16,Emergency,1,3,3,135,5,5,No,Billing process confusing
SUR-0578,Sunrise South,Cardiology,2024-01-16,Outpatient,5,1,3,172,5,5,Yes,
SUR-0579,Sunrise South,Surgery,2024-10-03,Outpatient,5,2,2,100,5,3,Yes,Clean and hygienic
SUR-0580,Sunrise South,Surgery,2023-06-14,Emergency,5,3,2,121,3,1,Yes,Excellent care received
SUR-0581,Sunrise Main Campus,OPD,2023-11-27,Emergency,3,2,3,44,1,1,Maybe,Staff was very helpful
SUR-0582,Sunrise Main Campus,IPD,2024-10-15,Inpatient,4,2,4,49,3,3,Maybe,Doctors were attentive
SUR-0583,Sunrise East,Cardiology,2024-03-31,Outpatient,1,3,5,172,1,2,No,Staff was very helpful
SUR-0584,Sunrise East,Cardiology,2023-03-15,Inpatient,3,2,1,168,5,3,Maybe,Staff was very helpful
SUR-0585,Sunrise East,Orthopaedics,2024-09-07,Emergency,5,2,5,44,1,2,No,Long waiting time
SUR-0586,Sunrise East,Cardiology,2023-10-14,Inpatient,4,4,4,75,3,4,Maybe,Clean and hygienic
SUR-0587,Sunrise East,OPD,2023-04-06,Inpatient,5,3,2,168,5,3,Yes,Long waiting time
SUR-0588,Sunrise Main Campus,OPD,2023-09-22,Emergency,1,2,4,79,5,3,Yes,
SUR-0589,Sunrise East,Orthopaedics,2024-12-30,Outpatient,4,4,5,95,1,1,Yes,Long waiting time
SUR-0590,Sunrise Main Campus,Orthopaedics,2023-05-14,Inpatient,4,3,1,87,1,2,Yes,Doctors were attentive
SUR-0591,Sunrise South,Orthopaedics,2024-08-24,Emergency,2,4,2,113,4,4,No,
SUR-0592,Sunrise East,Pharmacy,2024-02-27,Emergency,4,5,1,85,5,1,Yes,Billing process confusing
SUR-0593,Sunrise North,Emergency,2023-02-24,Inpatient,3,5,2,149,5,4,Maybe,
SUR-0594,Sunrise North,Emergency,2023-05-06,Emergency,3,2,2,128,2,2,No,Excellent care received
SUR-0595,Sunrise North,Lab,2023-05-10,Inpatient,3,2,3,12,3,2,Maybe,
SUR-0596,Sunrise Main Campus,Orthopaedics,2023-03-03,Inpatient,3,2,4,108,5,4,Yes,
SUR-0597,Sunrise Main Campus,IPD,2023-11-03,Inpatient,3,5,2,123,1,3,Yes,Could improve response time
SUR-0598,Sunrise South,OPD,2024-10-31,Outpatient,2,3,4,14,1,3,Maybe,Doctors were attentive
SUR-0599,Sunrise East,Pharmacy,2023-01-16,Inpatient,3,1,5,35,4,2,No,Clean and hygienic
SUR-0600,Sunrise East,IPD,2023-09-02,Emergency,1,4,1,144,4,1,Yes,
